E,Z,P,D,R,q,lowfrac,align,align_std,align_pos_frac,align_neg_frac,stretch_conc,vort_conc,high_z_frac,z_centroid,prod_intermit,vort_intermit,seed,t,M_exp,M_pos,split,M_pos_structural_proxy
0.5000000000000001,2.9517843687292262,-0.07723307395564653,0.8185571519834588,-0.0943526957995564,-0.8957902259391053,0.21811724504507493,-0.014506559957893034,0.6050205622559849,0.270263671875,0.27685546875,1.6480199533168167,1.3102646883479006,0.9195041420835952,2.5984472323841548,2.7159697665303786,1.716793553531426,216,0.0,-0.8957902259391053,0.0,development,-0.47088125026478
0.4941363471906455,2.9136356298408455,0.17543741559124618,0.8103556606556775,0.21649434206370038,-0.6349182450644314,0.2186907014736213,0.014892668031872173,0.6064218552486771,0.2802734375,0.263916015625,1.6365451753789748,1.30963882341576,0.9192837081164261,2.6001698717295643,2.6782801110562144,1.7151538477978214,216,0.05,-0.7523539419079591,0.0,development,-0.3255028146507205
0.48833643245484015,2.887813550127354,0.41227749128941016,0.8149124890016299,0.5059162754941967,-0.4026349977122198,0.21927251432269634,0.04448114226402869,0.6061649801750815,0.298095703125,0.2490234375,1.6317206943385834,1.3109897435052957,0.9193703477200206,2.613389449590141,2.662512424332804,1.7186941075760864,216,0.1,-0.6118510062827488,0.0,development,-0.19705021127907033
0.4825770138430513,2.872910195013885,0.6329162447243546,0.8310184390958776,0.7616151639342058,-0.198102194371523,0.21988348800096094,0.07444224807698833,0.6047802431532932,0.323486328125,0.23486328125,1.6355785520706638,1.3141192325523467,0.919729516868088,2.637157368821518,2.675117199993585,1.7269093573639744,216,0.15,-0.4756536567530145,0.0,development,-0.09489975516693208
0.4768376267776081,2.8675553551846997,0.8369949020311239,0.8576323432225444,0.975936727020024,-0.020637441191420525,0.22054314805546857,0.10301352275228642,0.6031989048388561,0.34130859375,0.21875,1.6427559343541471,1.3187619487556002,0.920321410884238,2.670419172136604,2.698647059855782,1.739133077485674,216,0.2,-0.34517151125056617,0.0,development,0.01751603447754388
0.47110051516038676,2.8704105690413826,1.0241698601517655,0.8938107772599506,1.1458463985984162,0.13035908289181486,0.22126963615786874,0.13010898270375776,0.6015890177872075,0.353515625,0.20849609375,1.6521725730090975,1.324606691116881,0.921103257148824,2.712042122279785,2.7296742110035175,1.754582886151618,216,0.25,-0.22181953827329137,0.03381496431205194,development,0.10792462966595448
0.4653505706899211,2.880166946253195,1.1941324326035265,0.9386484948173361,1.2721827597836912,0.2554839377861904,0.22207958385665413,0.15649753163411537,0.5993025635058079,0.370361328125,0.19482421875,1.662744527768254,1.3313079650835056,0.9220315111234756,2.760843740761638,2.7647193646232897,1.7723808978947901,216,0.3,-0.10698002009028013,0.08714865951170807,development,0.19622488077237507
0.45957527245062174,2.895547123121285,1.3466478481253765,0.9912322459164022,1.3585593625239558,0.3554156022089743,0.22298798091367078,0.1803022215400695,0.5961575006967179,0.381591796875,0.1845703125,1.6706640091761362,1.3384967886557653,0.9230637925998088,2.8156211966946367,2.7911182315564966,1.7915736532418016,216,0.35,0.05107386143660985,0.15686450628536913,development,0.2668394264909587
0.45376461832402964,2.9153114615983373,1.4816068986504813,1.050609953283228,1.410234972570323,0.4309969453672533,0.2240080545745264,0.20142524654357902,0.5932082567488488,0.401611328125,0.175537109375,1.6765774950572119,1.3458000154952112,0.9241604585732517,2.875181124164893,2.8109120969323316,1.8111776817069167,216,0.4,0.1831844577912666,0.23212793297678824,development,0.30917043479593287
0.447911040092318,2.9382680144762157,1.599076583568837,1.115775711526904,1.4331523504670585,0.48330087204193295,0.22515117255705622,0.22044032601705055,0.5902846238516956,0.40966796875,0.167724609375,1.6796763457565478,1.35287134072164,0.9252857621468664,2.9383686603608385,2.8213126264940867,1.8302608645459735,216,0.45,0.29015013678186,0.3063327728256179,development,0.35723263252462256
0.44200929578337633,2.9632850622366944,1.6993348427715291,1.1856691312485266,1.433228544106656,0.5136657115230026,0.22642677668797234,0.23801113154595144,0.5876772389714819,0.424072265625,0.1611328125,1.681639840256913,1.3594287732442343,0.9264085902262982,3.0040937134869417,2.8279125523393116,1.8480465895243297,216,0.5,0.3728968126806173,0.37439235681872096,development,0.3851085320229267
0.4360563357784488,2.989304500997869,1.7828793693291674,1.259185849045286,1.4158985114714762,0.5236935202838813,0.22784234793092942,0.2530769043614357,0.5865000084052667,0.439208984375,0.1533203125,1.6808045910198746,1.3652866227358806,0.9275028079003977,3.07135221923895,2.8251040731935038,1.8640075622215522,216,0.55,0.432527528404946,0.432527528404946,development,0.41393586693380513
0.43005114283404566,3.015354250548837,1.850408973008568,1.3351951486897002,1.3858715520532523,0.5152138243188678,0.22940339866902706,0.2658770408945281,0.583508388817643,0.44775390625,0.1484375,1.6831726460333385,1.370368513150873,0.9285472652266407,3.1392406548266742,2.8330701563548857,1.8779098618353403,216,0.6,0.4703499760097537,0.4703499760097537,development,0.4228161327652955
0.4239945495573656,3.040558194382005,1.9027842916263613,1.412560807168087,1.3470459338604177,0.49022348445827424,0.23111348557061864,0.2770548864545694,0.5791871903992836,0.452392578125,0.144775390625,1.6874455014364345,1.3746936635496971,0.9295255414944562,3.206963181732042,2.8474723203180745,1.8897826686036938,216,0.65,0.487879854448664,0.487879854448664,development,0.4198666521333997
0.41788903922721765,3.0641428207441406,1.9409797541111458,1.4901622995518518,1.302529096793599,0.450817454559294,0.23297423649375257,0.28636430595813434,0.5746300559605115,0.458984375,0.14208984375,1.6923387254478894,1.3783398956542976,0.9304255110320843,3.2738320678534127,2.864010361650603,1.8998208679523056,216,0.7,0.48682190520798235,0.48682190520798235,development,0.40224281286317476
0.41173853676918704,3.0854404707900938,1.9660392486614806,1.5669149020938467,1.2547198613238597,0.39912434656763396,0.23498538728346133,0.29532424035434596,0.5698684490068405,0.46533203125,0.135009765625,1.6982582762396354,1.3813976920515376,0.9312388125738634,3.3392630674345924,2.884081172816434,1.9082595836053204,216,0.75,0.4690339893510232,0.4690339893510232,development,0.399775740505525
0.4055481962518982,3.1038896885740144,1.979044430385183,1.641788494129528,1.2054198439455304,0.3372559362556551,0.2371448280650974,0.3027396707500344,0.5661227130168337,0.47314453125,0.133056640625,1.7044399401366621,1.3839335918753588,0.9319602925466973,3.4027679399737596,2.905115509533084,1.9152721867210383,216,0.8,0.43648163252444044,0.43648163252444044,development,0.3752132366358992
0.39932418993096025,3.1190334627800977,1.9810987720288042,1.7138255752318048,1.155951224360069,0.26727319679699946,0.23944866256472358,0.30640714190104684,0.5647035105657917,0.47314453125,0.12939453125,1.7071072209089917,1.3859755606775417,0.932587474547816,3.4639462060623365,2.9142150636796376,1.9209282547954323,216,0.85,0.3911905375390445,0.3911905375390445,development,0.369764851539392
0.393073502263695,3.130516123641635,1.9733245277722726,1.7821590267310887,1.107266241774073,0.1911655010411839,0.2418912869956443,0.308424666089894,0.564675515381232,0.481201171875,0.125732421875,1.7077703955301144,1.3875209555257784,0.9331200866935176,3.5224776864463045,2.9164797238490996,1.9252144020231752,216,0.9,0.3352028017181307,0.3352028017181307,development,0.3541238944998296
0.3868037310308226,3.138079389020218,1.9568656453606417,1.846029563446022,1.0600402529349096,0.11083608191461969,0.24446549636920523,0.3083154894053396,0.5652456145819785,0.48193359375,0.1279296875,1.706393525662093,1.3885566035354158,0.9335596590929083,3.578116571511266,2.9117788644215246,1.9280894412218148,216,0.95,0.2705397236747478,0.2705397236747478,development,0.3247152331023817
0.3805228970796263,3.141557684794191,1.9328883991705506,1.9048019520480253,1.0147450747267068,0.028086447122525282,0.24716262540179731,0.30707712817291877,0.5665665449837191,0.48388671875,0.1298828125,1.7027433731403874,1.3890769013582858,0.9339091882133331,3.6306869662344603,2.899334994773521,1.9295346378871425,216,1.0,0.19917117011803412,0.19917117011803412,development,0.29602178806553847
0.3742392642887724,3.1408725500785892,1.9025731666731833,1.9579783082265407,0.9717028828559693,-0.05540514155335741,0.2499727286235587,0.3048753939111162,0.5663122692128038,0.479248046875,0.12841796875,1.7009133202513784,1.3890912087032918,0.9341728549381022,3.6800792531155624,2.8931061230085837,1.929574386096778,216,1.05,0.12298942583338911,0.13631993792891842,development,0.2812090677398962
0.36796117191625144,3.1360257902457747,1.8670944594829082,2.005206459469688,0.9311233018752065,-0.1381119999867797,0.2528848003142298,0.3006152465218588,0.5660275348912285,0.47607421875,0.12841796875,1.698981635728272,1.3886215364147092,0.9343557790410072,3.7262463316385244,2.886538598541932,1.9282697713947534,216,1.1,0.04378479023857199,0.08792872498326085,development,0.25277766111364075
0.3616968821402211,3.127091101187573,1.82759063702997,2.046281638244634,0.8931276139474797,-0.21869100121466412,0.25588703017779524,0.2959471463767453,0.5661923809613433,0.468505859375,0.12939453125,1.6952260805322177,1.3876982379115055,0.9344637939165262,3.7691988466709576,2.8737914641166413,1.9257063995027028,216,1.15,-0.03677910086155728,0.051980089266566616,development,0.23021282837558826
0.35545444594530295,3.114204121405182,1.7851282366239578,2.0811405996344523,0.8577643610131442,-0.2960123630104945,0.25896708599063056,0.29010577816496125,0.569241477561144,0.46630859375,0.13720703125,1.6918974180414108,1.3863604598168413,0.9345032302134632,3.8089988394044134,2.862516873175209,1.9219953245435695,216,1.2,-0.11719063174728235,0.02670000856520765,development,0.18312336323518416
0.34924159028269064,3.097551183925421,1.740667551922636,2.109848401390235,0.825020200871145,-0.3691808494675992,0.26211241056876977,0.2866583349388673,0.5704869224942407,0.460205078125,0.137451171875,1.6890556023872194,1.384661132843442,0.9344807036012416,3.8457517140802917,2.8529088279556696,1.91728645280729,216,1.25,-0.19611483406412872,0.010518004088864174,development,0.1722727559008266
0.3430656285855185,3.0773573294156247,1.695035703269685,2.1325792163308184,0.7948289518576744,-0.43754351306113337,0.26531051792357113,0.28147230444274934,0.57018445151644,0.453125,0.1337890625,1.686281352757623,1.382669783278596,0.9344029083307122,3.879596867349097,2.8435448006580963,1.911775729591685,216,1.3,-0.2724145500249023,0.0020353551084478015,development,0.16632137487507886
0.3369333953975321,3.0538743173948255,1.6489113962769613,2.149593368194593,0.7670806119307365,-0.5006819719176316,0.2685492728104876,0.2764518163483757,0.5699999954709545,0.44921875,0.136474609375,1.6824884703835157,1.3804663416826686,0.9342764230149028,3.910697656037063,2.83076745297348,1.9056873205187361,216,1.35,-0.34516497658287404,0.0,development,0.13342170313843585
0.3308512043515615,3.0273693925557428,1.602822733342743,2.161213115046737,0.7416310414663022,-0.5583903817039941,0.2718171391213149,0.2712378132767261,0.5704984038216199,0.445556640625,0.140625,1.6772851382770484,1.378125820643369,0.9341075373094457,3.9392315185145623,2.8132854350850747,1.8992307775239654,216,1.4,-0.41365899636312137,0.0,development,0.0986675852513417
0.32482482732340723,2.998115438252992,1.5571567674265632,2.167799531462264,0.7183121616306473,-0.6106427640357008,0.275103385502188,0.2658692143162471,0.5712326675790694,0.441650390625,0.140380859375,1.6701199141019774,1.3757017907180658,0.933902107839751,3.9653810115364885,2.789300527480014,1.8925554169848988,216,1.45,-0.47740200049340137,0.0,development,0.0839805597109696
0.3188594915322963,2.966382928399567,1.512177650009538,2.169732281702547,0.6969420433856298,-0.6575546316930088,0.27839824069889835,0.25972095591175426,0.5713816116229975,0.435791015625,0.145751953125,1.662174934895636,1.3732192359977657,0.9336654493617949,3.989326325220107,2.76282551419533,1.885731070114293,216,1.5,-0.5360965195108247,0.0,development,0.04689400289062626
0.31295989078838066,2.9324338373226793,1.4680494916642584,2.1673933258860427,0.6773341387235801,-0.6993438342217844,0.2816929957751095,0.25462753885905653,0.5722316896245572,0.43212890625,0.148193359375,1.65320539481153,1.3706820755086633,0.9334022636793363,4.0112395673126775,2.7330880774339636,1.878769352120743,216,1.55,-0.5896184523013032,0.0,development,0.026174319719437483
0.30713020700175986,2.896517442634835,1.4248603055022655,2.1611548585061127,0.6593050469725215,-0.7362945530038472,0.2849800548349354,0.2524101398541085,0.5727147407889368,0.4287109375,0.151611328125,1.6458587573223795,1.3680911504970825,0.9331166052448996,4.031280838965765,2.7088510490547857,1.871673396068437,216,1.6,-0.637987683273087,0.0,development,0.009146469171548238
0.301374138370774,2.8588677955993216,1.3826442907439025,2.151371192211391,0.6426804894243678,-0.7687269014674885,0.28825293964126036,0.250596829732504,0.5720152375972066,0.429931640625,0.14892578125,1.6366980939448448,1.3654618323657037,0.9328118794108957,4.049595914784558,2.6787806507227057,1.8644860156475107,216,1.65,-0.6813362521772905,0.0,development,0.006675891363568803
0.2956949312162717,2.8197025483869913,1.3414008320629365,2.1383739432460436,0.6272994656990138,-0.7969731111831071,0.2915062561927212,0.2494130437913456,0.5721139175335764,0.4326171875,0.148193359375,1.6297305759699927,1.3628313486783967,0.9324908673955256,4.066315219460826,2.6560217502515022,1.8573092849405834,216,1.7,-0.7198770223209267,0.0,development,-0.0006962643165080717
0.2900954130782851,2.7792228091428894,1.3011096142854777,2.1224697495732276,0.6130168001438401,-0.82136013528775,0.294735632776706,0.24898245528181734,0.5711972343283269,0.430908203125,0.150390625,1.6258279638812632,1.3602533702094717,0.9321557712607694,4.081553763833988,2.6433165681383124,1.8502892311662318,216,1.75,-0.7538751496006593,0.0,development,-0.016430143950427883
0.28457802532813026,2.7376137233870854,1.2617419919840966,2.1039398071377597,0.5997044153561574,-0.8421978151536631,0.29793763932828143,0.2469362772915605,0.5720425338219164,0.42822265625,0.14599609375,1.6214269926057756,1.3577855867378223,0.9318082723756156,4.095411745551431,2.629025492350629,1.8435816995529786,216,1.8,-0.7836238146670959,0.0,development,-0.0014069491225018604
0.2791448541036349,2.695045530764391,1.223269154574474,2.0830406666375145,0.5872516913215619,-0.8597715120630405,0.30110969730769893,0.24466310393187113,0.5723295298966206,0.42578125,0.1455078125,1.6182264838459302,1.355479112088726,0.9314495976234284,4.10797560247892,2.6186569530203814,1.8373236233088466,216,1.85,-0.8094248581067606,0.0,development,-0.005609518922036788
0.27379765882253443,2.651674900240213,1.18566773410888,2.060005914382766,0.5755652087358878,-0.8743381802738859,0.30424998803363457,0.24373350088189794,0.571568108993877,0.424072265625,0.149169921875,1.6181739991906348,1.3533750445299648,0.9310805886546952,4.119319397197132,2.618487091656631,1.8316240111564903,216,1.9,-0.8315743041319598,0.0,development,-0.029518759629025088
0.2685378978752561,2.6076463925163953,1.1489234139384836,2.035048506204746,0.5645680731616383,-0.8861250922662622,0.30735736574221223,0.24285744029420578,0.5723395997319876,0.425048828125,0.150634765625,1.6189977418670436,1.3515068122317107,0.9307017705038222,4.1295064807424,2.6211536881706055,1.8265706635087267,216,1.95,-0.8503523378962838,0.0,development,-0.04211888720057569
0.2633667513656288,2.563093931470485,1.1130329241042403,2.0083636012861374,0.5541989126826757,-0.8953306771818972,0.31043127980664054,0.2423558788813743,0.574265794894448,0.42724609375,0.148681640625,1.6209841089592965,1.3499024316732204,0.9303134167198919,4.138591417056373,2.6275894814985845,1.8222365750372795,216,2.0,-0.8660171050053097,0.0,development,-0.0372296304715353
0.5,2.6853781849136036,-0.04464154759424688,0.7055050761753384,-0.06327601189810882,-0.7501466237695853,0.30376695774150536,-0.013173018636204103,0.6147533565773406,0.27099609375,0.291259765625,1.6377718166257975,1.2942626473480716,0.8717942637462497,2.5195801037751093,2.6822965233337817,1.6751158003204438,217,0.0,-0.7501466237695853,0.0,development,-0.48148069367940105
0.4946620120630331,2.654357861167637,0.20553696430673174,0.7007535416017977,0.2933084916515882,-0.49521657729506596,0.30738146722208937,0.0179094877779684,0.6164502150806247,0.294677734375,0.27734375,1.6488207119251992,1.2960780269338474,0.8699953624384925,2.523276625456156,2.718609740073538,1.6798182519007405,217,0.05,-0.6099774172814445,0.0,development,-0.35868463198477996
0.48937378087148836,2.635398003893182,0.4404622196906043,0.7081497981852849,0.6219901789414319,-0.2676875784946806,0.3108825640440725,0.04779365026020417,0.6162601313417048,0.314697265625,0.25927734375,1.6685271317906765,1.3011621483013043,0.8688444008438841,2.5393208263671245,2.783982789521639,1.6930229361720708,217,0.1,-0.47245919591422403,0.0,development,-0.2283495888802062
0.48411254216864263,2.6271432132224644,0.6597196736630527,0.7267018319067949,0.9078271784894397,-0.06698215824374221,0.31427524661201806,0.07691818011525597,0.6123592202989294,0.326416015625,0.240234375,1.694673376995688,1.3090570984971424,0.8683073318634255,2.566738174406446,2.871917854697989,1.7136304871257626,217,0.15,-0.3389847393453025,0.0,development,-0.10004430347820761
0.4788582159438677,2.6282644460221594,0.8629427528250491,0.7555588608128045,1.1421251176866942,0.10738389201224452,0.31756538548615404,0.1054267461316076,0.6085341049883771,0.34033203125,0.226318359375,1.7198997435381091,1.3191786550508662,0.868332963922287,2.6044123530122616,2.958055127822473,1.7402323239418178,217,0.2,-0.21098240731272022,0.030793805018283302,development,0.00641418671196034
0.47359335751630266,2.6374555899315,1.0497911087588347,0.7939389472128935,1.3222567206761995,0.25585216154594126,0.32075921146244685,0.13296037516997472,0.6051120643628212,0.356201171875,0.211669921875,1.7448639382529956,1.330876133988341,0.8688575681698211,2.6511179459975085,3.044550163015774,1.7712312840197584,217,0.25,-0.0898861711671452,0.08917362885018036,development,0.11170563514454476
0.46830311283052395,2.653432747222606,1.2199456428892264,0.8410662451752206,1.450475096209661,0.3788793977140058,0.32386283868028476,0.15991838917432621,0.6001621296963436,0.369873046875,0.1923828125,1.7628263021264292,1.3434984035844777,0.8698096720013135,2.705554932766775,3.107556571468761,1.804987960434046,217,0.3,0.022899121149451876,0.15887702004654883,development,0.22797374826686764
0.4629751721906565,2.674936571674234,1.373122515728702,0.8961211499739329,1.5322956229396487,0.47700136575476904,0.32688185130052355,0.18521155784944765,0.5946020112900913,0.388916015625,0.179931640625,1.779848169487377,1.3564476277032127,0.8711145721148091,2.7663842305614805,3.167859506427588,1.8399501667016798,217,0.35,0.17802228345035306,0.2448443325221417,development,0.29678961605518117
0.45759971608108685,2.70073786205569,1.5091040682237904,0.9582059379498858,1.5749266503738955,0.5508981302739046,0.32982097544120137,0.2074333735645653,0.5890792601143834,0.39990234375,0.168212890625,1.7977188565624567,1.369211730818873,0.872698237122491,2.8322633823759262,3.2317930872402485,1.87474076381202,217,0.4,0.3076806423604986,0.3330080232804317,development,0.3611647004708678
0.4521693466069703,2.729646296221,1.6277800966928455,1.0263271712559243,1.5860245565757738,0.6014529254369212,0.33268384985781657,0.2273487293622083,0.5836895563998624,0.419677734375,0.160888671875,1.8093758477233193,1.3813796537073164,0.8744904121818275,2.9018810663128627,3.273840958324502,1.9082097476765516,217,0.45,0.4124998331470282,0.41735386389579177,development,0.38194064199293576
0.44667899873474215,2.7605217703677587,1.729190622385979,1.0993944061761096,1.5728573955550795,0.6297962162098694,0.3354729000061413,0.24692597681298323,0.5778903869084496,0.431884765625,0.148193359375,1.8161596347708604,1.3926449185003624,0.8764268625960026,2.9739886496529864,3.2984358189710465,1.9394598690248874,217,0.5,0.49322981118585457,0.49322981118585457,development,0.42687103550988353
0.44112582697420955,2.792287439934344,1.8135621735085805,1.176233116440166,1.541839069280137,0.6373290570684145,0.3381893116121353,0.2647274557679108,0.5731548979679312,0.443359375,0.139404296875,1.8206259611258033,1.402796822668323,0.8784507904788007,3.047426918985634,3.3146788903252755,1.9678389256883484,217,0.55,0.55079295383514,0.55079295383514,development,0.4527585377993405
0.4355090651819561,2.823943363187353,1.8813325882279375,1.25560870690145,1.4983430569469594,0.6257238813264874,0.340833092651656,0.2792363630834198,0.568257339121847,0.451904296875,0.134033203125,1.8215565286566762,1.4116991773487273,0.8805135264634643,3.1211465788390984,3.318068187091781,1.9928945673270793,217,0.6,0.5863206282135645,0.5863206282135645,development,0.4549279200066406
0.42982985939658247,2.8545796451485357,1.9331623536652374,1.3362581789864905,1.4466982384582894,0.5969041746787469,0.3434032073999604,0.29088858920718874,0.563537476822292,0.45703125,0.124755859375,1.820473055693557,1.4192662331017236,0.8825746373761689,3.194221968602701,3.3141221465062585,2.0143166404227633,217,0.65,0.6011748117952656,0.6011748117952656,development,0.4672584022571987
0.4240910757177301,2.883388095250322,1.96993204310416,1.4169261740112677,1.3902855909051015,0.5530058690928923,0.34589776326728416,0.30046070283683324,0.5604064391391129,0.458251953125,0.1201171875,1.8176705285789567,1.4254507254973934,0.884601602600195,3.2658583232546596,3.303926150464524,2.0319097708210516,217,0.7,0.5969527163116172,0.5969527163116172,development,0.46769364987044637
0.4182970870705838,2.9096715547830443,1.9927255731354439,1.4964023854379978,1.3316776239648749,0.4963231876974461,0.3483142304698495,0.30880045278324253,0.5595086895993674,0.468505859375,0.116455078125,1.8142273245088425,1.4302493161302179,0.8865692013125885,3.335393463149073,3.2914207849945334,2.045613106290962,217,0.75,0.5754736704865798,0.5754736704865798,development,0.4571867551003056
0.4124535442537711,2.932850180333694,2.002799011496818,1.5735574752586325,1.2727841486486757,0.4292415362381856,0.3506496759223203,0.3158167632942839,0.5609301353401304,0.477783203125,0.11767578125,1.80797518460225,1.4337142347907303,0.8884587280061383,3.402294939811245,3.2687742681375607,2.055536507041576,217,0.8,0.5387487413206306,0.5387487413206306,development,0.4364718457506064
0.40656713795512933,2.9524641182975357,2.0015357482221274,1.6473747191473007,1.2149851062775472,0.3541610290748267,0.35290099564695676,0.3202139434947586,0.5619248269886444,0.485595703125,0.118896484375,1.804694429213428,1.4359549856720515,0.8902571242135449,3.466153523747052,3.2569219828339997,2.061966720876428,217,0.85,0.4889348481936601,0.4889348481936601,development,0.41057549027772
0.4006453593379992,2.96817223422733,1.9903912132520796,1.716974894814809,1.1592430496584292,0.27341631843727066,0.35506513394467687,0.3213829147123005,0.5626933894124018,0.482177734375,0.12255859375,1.8061159122319983,1.4371269468899006,0.89195608795578,3.526673732621975,3.2620546884176433,2.065333861477093,217,0.9,0.42827651963366503,0.42827651963366503,development,0.3847376015048368
0.3946962671523993,2.9797468980954833,1.9708330449819935,1.7816326349183766,1.1061949620564089,0.18920041006361688,0.35713928195563865,0.31926617940856317,0.5615952608587185,0.482421875,0.12255859375,1.8104099737518844,1.4374201846367969,0.8935512031539448,3.5836620396277854,3.277584273060319,2.0661767872012895,217,0.95,0.3590398309544816,0.3590398309544816,development,0.3510146493357248
0.38872826892132467,2.9870652324705445,1.9442842541601077,1.8407835828099395,1.0562264202683596,0.10350067135016827,0.35912105239434644,0.31512178844801286,0.5602608050288725,0.477783203125,0.121826171875,1.8157081350837516,1.4370620781608412,0.8950411190671497,3.637013502072901,3.2967960318093357,2.065147416487962,217,1.0,0.28344412648548806,0.28344412648548806,development,0.3225391123388618
0.38274992254662793,2.9900976074660903,1.9120764758467186,1.8940229574907748,1.0095318371324609,0.01805351835594382,0.3610086305376851,0.310913836291458,0.5585010980544031,0.4677734375,0.123291015625,1.8227736504622314,1.4363287219912488,0.8964268021804968,3.686697708870961,3.322503780819429,2.0630401976170205,217,1.05,0.20359750667979806,0.20359750667979806,development,0.2945304116456432
0.376769762840348,2.9888944065173897,1.8754178513190078,1.9410971740241956,0.9661638151947723,-0.06567932270518773,0.3628009034701588,0.3061131844782996,0.5565768531198876,0.464111328125,0.119873046875,1.831040491101483,1.4355413573257139,0.8977108767855427,3.732745015904429,3.3527092800531806,2.0607789885925594,217,1.1,0.12144151102360114,0.1372439976015751,development,0.27503609872714707
0.3707961553644532,2.9835721261802455,1.835376396265009,1.9818906743991684,0.9260734812334808,-0.14651427813415951,0.3644975699145939,0.3000167077893576,0.5564946972172397,0.461669921875,0.120849609375,1.8385836383829037,1.43502686248457,0.8988970637746059,3.7752339188000996,3.380389795329338,2.059302096052315,217,1.15,0.03870897675522847,0.08689838646531535,development,0.24187345834415472
0.3648371779617531,2.974299718952456,1.792876298201867,2.016410020568433,0.889142723907139,-0.22353372236656632,0.36609923182774784,0.29398367710241224,0.5576120618441043,0.45947265625,0.121337890625,1.8467497415134135,1.43504748368721,0.8999897196189264,3.814280100231694,3.4104846077798805,2.0593612804369994,217,1.2,-0.04310298980737351,0.050133516857376666,development,0.21741404223179636
0.35890052880587026,2.9612858131124247,1.7487026131689098,2.044766749990625,0.8552088462788862,-0.29606413682171495,0.3676074668151074,0.28786374251945523,0.558848701177395,0.44970703125,0.119873046875,1.8534097811102537,1.4357334034124087,0.9009934702026718,3.850027274893149,3.4351278167151804,2.061330405674185,217,1.25,-0.12274513083602351,0.02482368302798804,development,0.21284118106456948
0.35299345882965555,2.944767149512588,1.703509749458893,2.067159806145584,0.8240822719145499,-0.3636500566866907,0.36902487807647494,0.28327012700720716,0.559761826367157,0.447021484375,0.126708984375,1.8549152491854468,1.4370572961171,0.9019129287178421,3.8826395778486598,3.44071058166073,2.065133672323397,217,1.3,-0.19921516947503226,0.009098390239031353,development,0.16632147725851473
0.34712272595422167,2.924998349632073,1.6578305765543258,2.08385783807755,0.7955583851553649,-0.42602726152322434,0.37035511686276723,0.2786494291091528,0.5631329462167852,0.44775390625,0.130615234375,1.8528518241783523,1.438866488729269,0.9027524843359467,3.9122950220613766,3.4330598823610705,2.0703367723881025,217,1.35,-0.27174685249607144,0.0013082936638773629,development,0.13542086544050455
0.3412945684467604,2.9022430141859257,1.6120850895152996,2.0951814847584393,0.7694250360851974,-0.48309639524313974,0.37160287197890945,0.2727692470804554,0.5675780714559076,0.44775390625,0.131591796875,1.8487415841779555,1.4409538018473684,0.9035161490081282,3.9391795432103787,3.4178454450688394,2.076347859058392,217,1.4,-0.3397919436493508,0.0,development,0.11729886891188643
0.3355146947652911,2.8767661369954904,1.5665893238164064,2.101485907787603,0.7454674418757707,-0.5348965839711968,0.37277382203648407,0.26874270976921166,0.5708446987821326,0.447998046875,0.13525390625,1.8423889719214375,1.4431284821007755,0.9042074526159211,3.9634813269236675,3.3943971238577535,2.0826198158504945,217,1.45,-0.40299772506902254,0.0,development,0.0889479461881025
0.32978828724464293,2.8488278575127213,1.5215660123203878,2.1031441498020977,0.7234720513396881,-0.58157813748171,0.3738745488299476,0.2652886347985245,0.5724422247530205,0.44580078125,0.138916015625,1.837215093142917,1.4452557919127007,0.9048293802907017,3.985385384939729,3.375359298472159,2.0887643040572135,217,1.5,-0.46118180348528376,0.0,development,0.06042166208247454
0.32412001689120296,2.818678610682278,1.4771581856732907,2.1005321655215816,0.7032304527012556,-0.6233739798482909,0.37491241385671464,0.2612075477846387,0.5743139868294994,0.442138671875,0.14111328125,1.835139479116571,1.4472586113984733,0.905384348541916,4.005068600807135,3.3677369078122625,2.0945574882670432,217,1.55,-0.5143053335944819,0.0,development,0.04153006934188039
0.3185140664360122,2.7865557240369245,1.4334458832908135,2.094016435881166,0.6845437594130519,-0.6605705525903527,0.37589540383388476,0.25741105510524737,0.5751372320562046,0.437255859375,0.146484375,1.8360699859023004,1.4490971951560758,0.9058742179419181,4.0226956133620195,3.371152993131296,2.099882681009213,217,1.6,-0.5624453903531509,0.0,development,0.010768380544672634
0.31297415875131135,2.752681447911245,1.3904649346095637,2.083944880257405,0.6672273090245151,-0.6934799456478413,0.3768319542451621,0.2534489662809417,0.5755242859892403,0.434814453125,0.1474609375,1.8397026726193322,1.4507499494277154,0.9063003393833581,4.03841590913747,3.384505923642737,2.1046754157645253,217,1.65,-0.6057671897937945,0.0,development,-0.007119083515416819
0.3075035878620346,2.7172623023913185,1.3482259106489858,2.0706413862266597,0.6511151180581127,-0.7224154755776739,0.3777307618165595,0.24995379589185943,0.575313068962166,0.43017578125,0.14453125,1.8453737583305037,1.4522084741631287,0.9066636289493882,4.052362370321648,3.405404307934872,2.108909452431209,217,1.7,-0.6444970600895309,0.0,development,-0.005544797358618819
0.30210525012627676,2.680489516691233,1.3067311130004757,2.0544038078740106,0.636063420439597,-0.7476726948735348,0.378600597037807,0.24568604192250687,0.5762948705878868,0.42822265625,0.146728515625,1.8502697693825234,1.4534845500294797,0.9069646641840855,4.064651328830508,3.4234982194908805,2.112617337174406,217,1.75,-0.6788973081272319,0.0,development,-0.02456120139668419
0.2967816736951458,2.642540255398225,1.2659878471734385,2.0355048762428054,0.6219527459498088,-0.7695170290693669,0.37945012647816106,0.241779937277265,0.5786374072665139,0.42822265625,0.150146484375,1.8573332717973519,1.4546169546008236,0.9072037929328449,4.075383976398385,3.4496868825254805,2.115910484612181,217,1.8,-0.7092442327660528,0.0,development,-0.0417363219593995
0.29153504501666233,2.603579291455306,1.2260169912800332,2.014195208902141,0.608688267086231,-0.7881782176221077,0.38028775209367044,0.2385119572130791,0.5807163632187134,0.427490234375,0.15283203125,1.8635264178258903,1.4556670874041926,0.9073812454788646,4.084648827560182,3.4727307099350213,2.1189666693518125,217,1.85,-0.7358104057504895,0.0,development,-0.05358181430178113
0.28636723182110624,2.5637608011069095,1.1868567182316525,1.990707524246817,0.5961984388845363,-0.8038508060151646,0.38112147160610105,0.2370003471773213,0.5804454006048747,0.427734375,0.1552734375,1.8712381132860867,1.4567012516309126,0.9074972414862104,4.09252485061273,3.501532076614499,2.1219785365030743,217,1.9,-0.7588519780085212,0.0,development,-0.069064623328052
0.28127980262534874,2.523230010800128,1.148561917146571,1.9652612284181734,0.5844321866925759,-0.8166993112716023,0.38195876102055965,0.23600653245399178,0.5801623148631964,0.42431640625,0.15380859375,1.877552383818948,1.4577667538212162,0.9075520849365477,4.099084866563608,3.5252029539842415,2.1250839085464537,217,1.95,-0.7786012561098994,0.0,development,-0.06220167681196789
0.2762740432591019,2.4821245030306964,1.1112002728952113,1.938066689286642,0.5733550238687704,-0.8268664163914308,0.38280647800377626,0.23446938698612813,0.5806836210837225,0.423095703125,0.15087890625,1.8846499490954032,1.4588728047361028,0.9075462423067483,4.104398846256973,3.5519054306253315,2.1283098603985913,217,2.0,-0.7952642494789274,0.0,development,-0.05001565058552129
0.5,2.9203803339706695,-0.026501059922159398,0.8073291726049838,-0.03282559434418709,-0.8338302325271432,0.22197075655737364,0.017853959718338377,0.6136412440148513,0.291259765625,0.269287109375,1.5664457207432585,1.29799607724046,0.9136286617056777,2.590897657186541,2.4537521960348814,1.6847938165316276,218,0.0,-0.8338302325271432,0.0,development,-0.2774407070111985
0.4941956527828453,2.8858666097973202,0.25022126024514857,0.8020556294877151,0.31197494418805916,-0.5518343692425666,0.22341544457236032,0.05617598589604188,0.612299780085847,0.313720703125,0.24609375,1.569688790949185,1.2932624781353061,0.9132992635226124,2.5953964068625957,2.463922900431529,1.6725278373526782,218,0.05,-0.6787793197918014,0.0,development,-0.11806399447295371
0.4884467564782514,2.8646756853835784,0.509970506666512,0.810907763758108,0.6288884253655205,-0.300937257091596,0.22491721142911,0.09151488917534538,0.6098151818184441,0.334228515625,0.22802734375,1.5718505740771085,1.2901842566795523,0.9133500183110717,2.6127922482700674,2.4707142272265505,1.6645754161837742,218,0.1,-0.5269776519291932,0.0,development,0.009183527042130407
0.48272821301584207,2.8552575992322144,0.7516989016808905,0.8326815030518273,0.9027448056980601,-0.08098260137093682,0.22647626439459137,0.12485794166935252,0.6068950248645437,0.354736328125,0.2099609375,1.5726489715231933,1.288920845122083,0.913748763458286,2.6420298919869922,2.4732247876329727,1.66131694499023,218,0.15,-0.38016552331225967,0.0,development,0.12911840267727323
0.47701802146711636,2.856064122907112,0.9742662379346688,0.8662807189354348,1.1246541873077085,0.10798551899923403,0.2280926491490411,0.15611814308813865,0.6028383816171565,0.375244140625,0.192138671875,1.5747629540544197,1.2894250802004317,0.9144533686687424,2.6818586434172613,2.4798783614622173,1.6626170374498945,218,0.2,-0.24018151142062635,0.030966329814916486,development,0.23471310061097692
0.47129728029726037,2.8655451030605406,1.1766063769632997,0.9106330025440176,1.2920752637739217,0.26597337441928215,0.2297669561354177,0.18532540343027104,0.5994996346776615,0.394287109375,0.182373046875,1.5749204593401291,1.2914594063612856,0.9154144956881274,2.7308735114852216,2.480374453248139,1.6678673982790497,218,0.25,-0.10888563988360815,0.09192682946013449,development,0.3102732825499971
0.4655501849270971,2.8821564825621966,1.3578782830763314,0.9646299263039163,1.407667589454941,0.3932483567724151,0.23150075851148233,0.21280888844626492,0.5944479952936652,0.417236328125,0.169921875,1.576349355466335,1.294659556067313,0.916578819837583,2.7875712702569357,2.4848772904791447,1.6761433661164176,218,0.3,0.011928117257563996,0.16442497948491885,development,0.3747068677076476
0.4597639997358311,2.9043772885949393,1.5175756652358432,1.0270918563946,1.4775461958806568,0.4904838088412431,0.23329679148508795,0.23950225749136084,0.5899444747451142,0.4345703125,0.16162109375,1.578461678842032,1.2986155992076402,0.9178922633977513,2.850413676916385,2.4915412715728213,1.6864024745054238,218,0.35,0.1772489339534756,0.2526305018639649,development,0.4300274625487258
0.4539289900898648,2.9307319886473335,1.6555838307632154,1.0967550091087415,1.5095293087456205,0.5588288216544739,0.2351589131892832,0.2644808286307781,0.5862685807584939,0.45068359375,0.14794921875,1.5826099502715565,1.3029409949267552,0.9193028428008202,2.917889090862977,2.504654254698553,1.6976552362607285,218,0.4,0.3123148187445218,0.34129092893072943,development,0.5024403029947443
0.44803830735215017,2.959814581879603,1.7721871078162252,1.1722769551716248,1.5117477998676276,0.5999101526446005,0.23709190516097692,0.2845154649072265,0.5824160208089026,0.467529296875,0.140380859375,1.588111220583744,1.3073143087728796,0.9207628652616071,2.9885653420640845,2.5220972489440037,1.709070701922317,218,0.45,0.4178955332559461,0.4237641413670637,development,0.52972620808797
0.4420878265284933,2.990311445612776,1.868040228264648,1.252256269428299,1.4917395695031952,0.615783958836349,0.23910117604298461,0.30031642416281773,0.5780053144031526,0.476806640625,0.1357421875,1.5960142528826184,1.311494988765235,0.9222303715469403,3.0611297718244463,2.547261495404477,1.7200191055563288,218,0.5,0.4951067445020334,0.4951067445020334,development,0.5369514482434842
0.4360759412050754,3.021020943208497,1.9441200373863674,1.3352622073074571,1.4559837212098334,0.6088578300789103,0.2411924276608134,0.31257966223166433,0.5755513982042614,0.486083984375,0.131103515625,1.6039588722039766,1.3153233065881194,0.9236698607205643,3.134415556642499,2.572684063721866,1.7300754008539094,218,0.55,0.5454437662812349,0.5454437662812349,development,0.5402319528590839
0.4300033234342313,3.0508687549055917,2.0016707371574896,1.4198707064050862,1.409755640515635,0.5818000307524034,0.24337133137075492,0.31988856111812025,0.573442712684836,0.49169921875,0.12744140625,1.6115490206491025,1.318712850278144,0.9250524223085145,3.2074157322544132,2.597090245955096,1.7390035814887115,218,0.6,0.5707724720515497,0.5707724720515497,development,0.5301812320369584
0.42387265756169495,3.0789185801165884,2.042149648979152,1.5047033140724342,1.3571776109485234,0.5374463349067178,0.2456432477508594,0.32550338093514364,0.5710935281966948,0.4990234375,0.1240234375,1.6174796491238521,1.3216382207882222,0.9263554377946154,3.279287413974926,2.6162404153298344,1.7467275866482632,218,0.65,0.5732869340932248,0.5732869340932248,development,0.5109193418941432
0.41768835728100046,3.1043782208220403,2.067174560532596,1.588465735495165,1.3013655342639199,0.47870882503743095,0.24801300710847743,0.32713689364548304,0.5702966920356817,0.49658203125,0.12255859375,1.6226047302095008,1.3241182246464092,0.9275620090447146,3.3493487598861855,2.6328461104982614,1.7532890728407635,218,0.7,0.5554442053864008,0.5554442053864008,development,0.49391473374735095
0.4114562750333184,3.1266011760244314,2.078470324923657,1.6699827116801695,1.2446058934541353,0.4084876132434876,0.25048475421569255,0.32629251452597496,0.5709632289531485,0.4931640625,0.12353515625,1.625991120701913,1.326196950023223,0.9286602439112585,3.417070698800673,2.6438471246014776,1.758798350250904,218,0.75,0.5198855424101108,0.5198855424101108,development,0.46914611549472063
0.4051834125819286,3.1450839031233566,2.0778121205758353,1.748226105426719,1.1885259659068348,0.32958601514911634,0.2530618499330902,0.32524045767699644,0.5700115145072829,0.487548828125,0.126708984375,1.6295679657983844,1.3279273930307156,0.9296424943293996,3.4820647880200553,2.6554917551562993,1.7633911611613577,218,0.8,0.46935138481019595,0.46935138481019595,development,0.4316057131075707
0.398877641230694,3.159458963817568,2.0669649447569762,1.8223336010779014,1.1342407029834585,0.2446313436790748,0.2557468160307502,0.32166605445535645,0.5699528599646423,0.484375,0.125244140625,1.6328445405238117,1.3293613338454136,0.9305046096449149,3.544068069362939,2.6661812935184317,1.7672015559232623,218,0.85,0.40659555330782887,0.40659555330782887,development,0.4048563787806846
0.39254743957457505,3.1694844363260324,2.047622083365498,1.891616398143401,1.0824721573439597,0.156005685222097,0.25854130777147794,0.31760934339327435,0.5712443892737232,0.481689453125,0.126708984375,1.635886579156305,1.3305456625584975,0.9312452423288408,3.6029255737973602,2.676124899863732,1.7703517601532361,218,0.9,0.33430297146604293,0.33430297146604293,development,0.37165383196445434
0.38620165565987113,3.1750302331869986,2.0213479791803115,1.9555556278274764,1.0336438147893174,0.06579235135283512,0.26144610096345283,0.31307178470921593,0.5717518889134237,0.482177734375,0.129150390625,1.6403003298213927,1.3315221966087907,0.9318652254907822,3.658571165117107,2.690585172012185,1.7729513600619042,218,0.95,0.2550148030354147,0.2550148030354147,development,0.3244943591614943
0.3798492988665587,3.1760622468104636,1.989532027040615,2.013788723500442,0.9879546964501503,-0.0242566964598272,0.2644610847726519,0.3077358518696565,0.5712202890659547,0.478515625,0.132080078125,1.643973335445954,1.3323271009104336,0.9323670305191382,3.7110076069512674,2.7026483276573106,1.7750955038204062,218,1.0,0.17106484956122817,0.17690102606921354,development,0.27626525692980197
0.37349936474496115,3.172625461520013,1.9533589619731482,2.0660883203214233,0.9454382674547341,-0.11272935834827513,0.2675852568739859,0.30146125665485385,0.5714982914525715,0.475830078125,0.1337890625,1.648639194248035,1.332987405686312,0.9327543068179467,3.7602869485492563,2.718011192810825,1.7768554237183298,218,1.05,0.08453084037227071,0.11643185246753626,development,0.23225969217757378
0.36716069365950416,3.1648272434714526,1.9137989905953625,2.1123371413026155,0.90601019750814,-0.198538150707253,0.27081672198905765,0.294533529887953,0.5715202668620165,0.470458984375,0.13818359375,1.6535036223373252,1.3335149545409468,0.9330315020774238,3.806492429741306,2.7340742290826707,1.7782621339843483,218,1.1,-0.00279654205911616,0.07109020221177695,development,0.17979953780377053
0.36084186174491173,3.15282191360133,1.8716174662876102,2.1525025484931883,0.8695076656693366,-0.2808850822055782,0.2741526975738376,0.288976831442183,0.5708728889786289,0.460205078125,0.13720703125,1.6552998203873774,1.3339011238270682,0.9332035593374697,3.8497230270786194,2.7400174953744996,1.7792922081471214,218,1.15,-0.08942553830479885,0.03864893988284847,development,0.16049595266719105
0.3545511007138501,3.136797441113606,1.827400708009249,2.1866139702385863,0.8357216833339162,-0.35921326222933736,0.2775895311746667,0.2837396447480995,0.5700536789333774,0.448974609375,0.139404296875,1.653283706565697,1.3341171736752149,0.9332756853678137,3.8900814877025387,2.733347014395625,1.779868633095149,218,1.2,-0.1741566929267797,0.01712875910598481,development,0.1341810613822095
0.348296241737771,3.1169647264925393,1.7815923238363616,2.214745406633932,0.804423081090889,-0.4331530827975705,0.2811227331683238,0.27914298076805627,0.5698300891339199,0.4443359375,0.137451171875,1.6503254416600588,1.3341236925368436,0.933253183207129,3.9276662727526945,2.723574063390484,1.7798860269881476,218,1.25,-0.25606037944282095,0.004767808396647981,development,0.11995323518289833
0.3420846780764575,3.0935495548361924,1.7345335470735244,2.2370039380272573,0.7753824289657507,-0.5024703909537329,0.2847470269678181,0.2748917481759361,0.5706294831943206,0.44775390625,0.1396484375,1.6473265152796954,1.3338883297386082,0.9331413400839059,3.962567348124397,2.7136846479435603,1.7792580762128591,218,1.3,-0.334442752475708,0.0,development,0.08365208696810997
0.3359233413168693,3.066786968688966,1.6865016072487187,2.253523925866024,0.7483841586463743,-0.5670223186173051,0.28845641703890257,0.26924643047704855,0.5722999494277538,0.44091796875,0.142333984375,1.6412920184507682,1.3334060022083332,0.9329453606149579,3.994865319698859,2.693839489830213,1.7779715667252143,218,1.35,-0.4088053116279524,0.0,development,0.06390769364791801
0.3298186868283174,3.0369175859882227,1.637741674640262,2.2644656591250327,0.7232353769820776,-0.6267239844847707,0.2922442737230467,0.2653259734218474,0.5721254293713176,0.44287109375,0.14453125,1.6341286225455485,1.3327131461140023,0.9326703344254589,4.024633097515702,2.670376355022628,1.776124329825087,218,1.4,-0.47880327863997263,0.0,development,0.03141795717401394
0.32377668510891505,3.004185291109639,1.5884898988340956,2.2700167061092484,0.6997701358580428,-0.6815268072751528,0.2961034330548551,0.2609806317635681,0.5727402711666577,0.44091796875,0.147216796875,1.6275289513688138,1.3318893316002698,0.9323212273565968,4.05193913393059,2.6488504875436876,1.7739291916306184,218,1.45,-0.5442072061697072,0.0,development,0.006036771716294215
0.31780281684424017,2.968835742208065,1.538986987783616,2.2703941902526106,0.6778501259344677,-0.7314072024689946,0.30002630936211333,0.25550090872370196,0.5745321996817839,0.43310546875,0.14501953125,1.622071318827305,1.331044942443276,0.9319028862656445,4.076851313122548,2.6311153633621687,1.7716806388038293,218,1.5,-0.6048709101029747,0.0,development,0.010607763748279847
0.3119020705285397,2.9311152326907863,1.489483271607142,2.265846519545356,0.6573628261043948,-0.7763632479382139,0.30400501816790365,0.24940020830043602,0.57645112126735,0.4326171875,0.14697265625,1.6182653392744355,1.3302996021089544,0.9314200489554919,4.099440732871346,2.61878270829702,1.7696970313712475,218,1.55,-0.6607072836363307,0.0,development,-0.01408199753272435
0.30607894229289667,2.891269578459702,1.440237096727175,2.2566536033264266,0.6382180652822345,-0.8164165065992517,0.30803150652362477,0.24496353825134853,0.5761508367280798,0.427978515625,0.14892578125,1.6148221615511822,1.3297592827913547,0.9308773527516989,4.119784852443936,2.607650613436849,1.7682597501697834,218,1.6,-0.7116721271559152,0.0,development,-0.03580797159300633
0.30033743810236013,2.849542839943958,1.3915087190452917,2.2431251256265585,0.6203437798221845,-0.8516164065812668,0.31209768728300874,0.24041743450307046,0.5767929697124481,0.42236328125,0.154052734375,1.611563323510918,1.3294991314244178,0.9302793373786455,4.137969719891271,2.597136345685573,1.7675679404582867,218,1.65,-0.757755038137045,0.0,development,-0.06310836546735601
0.29468107874425054,2.806175804859987,1.3435517508441799,2.2255968899139154,0.6036815368196113,-0.8820451390697355,0.31619557306030477,0.23672315758041143,0.5765310491218295,0.42041015625,0.151123046875,1.6096130788984895,1.3295551919096584,0.9296304397972567,4.154091190674733,2.5908542637610927,1.7677170083339344,218,1.7,-0.7989757515252115,0.0,development,-0.0660471030635569
0.2891129080867255,2.761404243150136,1.2966038532489217,2.204425545653041,0.5881821936811272,-0.9078216924041194,0.32031740492250776,0.2349502644347392,0.5756787178808868,0.421630859375,0.15185546875,1.6067307958797294,1.3299241307817762,0.9289349803555783,4.168255183689801,2.5815838504283275,1.7686981936356685,218,1.75,-0.8353840897222586,0.0,development,-0.08221576049328597
0.2836355050047542,2.715456999471308,1.2508779258789384,2.1799821500156686,0.5738019120339806,-0.9291042241367302,0.3244557705120369,0.23330181005517492,0.5743207189873895,0.41552734375,0.1484375,1.605085162380913,1.3305680322415887,0.9281971408734382,4.180577090264364,2.57629837849538,1.7704112884232592,218,1.8,-0.8670617790625809,0.0,development,-0.07263793870061877
0.27825099920763363,2.668554017092911,1.2065546440711459,2.1526450447440117,0.5604986511905993,-0.9460904006728659,0.3286037064880248,0.23143480892272017,0.5746267172722923,0.412109375,0.14990234375,1.6036408788251317,1.3314217115568416,0.9274209361361445,4.191180473048985,2.5716640682390595,1.7726837740049552,218,1.85,-0.8941246893738148,0.0,development,-0.07848012667616047
0.2729610910009506,2.620904398153792,1.1637768819170033,2.122792489300779,0.5482292253164777,-0.9590156073837757,0.33275478098277794,0.228931378082382,0.575591658020199,0.410400390625,0.15380859375,1.602672562673162,1.3324015180732554,0.9266101807829878,4.200195188192614,2.5685593431453784,1.7752938053639213,218,1.9,-0.9167244347589016,0.0,development,-0.0952052219126677
0.2677670748041776,2.572704605568971,1.1226463320682525,2.090795431266945,0.5369469988692152,-0.9681490991986923,0.33690315311244295,0.2270605225884612,0.5766345533683926,0.40576171875,0.153076171875,1.6006548965375247,1.333415611229398,0.9257684538460531,4.207755056730467,2.562096097809573,1.7779971922702753,218,1.95,-0.9350486498950606,0.0,development,-0.08521138892794125
0.26266986604009734,2.524136905262516,1.0832224570695352,2.0570107394539385,0.5266002924987603,-0.9737882823844033,0.34104360825216323,0.22639387785602524,0.5775058306081995,0.406982421875,0.15087890625,1.6008032808606254,1.3343754464930107,0.9248990633119688,4.213995212183648,2.5625711440141616,1.780557832203428,218,2.0,-0.9493195805593574,0.0,development,-0.07722500200227281
0.5000000000000002,2.8269613437236023,-0.020562977246127864,0.7634264618010573,-0.026935111991816713,-0.7839894390471852,0.26532894222837516,-0.0028996097110098856,0.6086396826909247,0.2763671875,0.2724609375,1.6159034107673875,1.2929271526710298,0.8886969192101595,2.558301691555601,2.6111438329296917,1.6716606221140216,219,0.0,-0.7839894390471852,0.0,development,-0.41368625392191893
0.49437995555643843,2.7950101142682517,0.2597081219137776,0.7587652501239477,0.3422773010115489,-0.49905712821017006,0.26811451533515507,0.03125937847001091,0.6093754380373712,0.29833984375,0.256591796875,1.6358191088853486,1.294045988506988,0.8873903679488601,2.562760302708585,2.6759041569944717,1.6745550203710329,219,0.05,-0.6273239676161878,0.0,development,-0.2852568662959932
0.4888100789166653,2.7765479521933023,0.5230939348342074,0.7675066712664003,0.681549691250361,-0.24441273643219286,0.27066836259976135,0.0642412663205201,0.6087813518635141,0.312744140625,0.240478515625,1.655266888111603,1.2979049996812064,0.8867397354831612,2.5799807140445568,2.739908470878686,1.6845573881974778,219,0.1,-0.47348571276001766,0.0,development,-0.1496624707441804
0.4832648957033807,2.7700703204893946,0.7688193568564619,0.7885211783638368,0.9750142138880077,-0.019701821507374984,0.2729776122875225,0.09682651365064691,0.6082990955607477,0.338623046875,0.228759765625,1.6738794476818188,1.3043676753754423,0.8867195483079222,2.6088913565513683,2.8018724053716078,1.7013750325643404,219,0.15,-0.32410966268169183,0.0,development,-0.04624600836591167
0.4777219278116913,2.774084131969651,0.996023379334577,0.8208167644438384,1.2134539917803133,0.17520661489073852,0.2750348962997026,0.12789408030241217,0.6068545673042249,0.35546875,0.211181640625,1.6871448837156557,1.3131015743111614,0.8872828994839103,2.6482498986261374,2.846457858647931,1.724235744458456,219,0.2,-0.18092386632158963,0.050242901758893725,development,0.088607831039717
0.4721616788389891,2.787100845306787,1.2038454379158072,0.8634529578142318,1.3942223800625504,0.3403924801015754,0.2768389573116728,0.15758724958932668,0.6032965931905572,0.372314453125,0.19384765625,1.6917947708844672,1.323607803202266,0.8883656712669514,2.6966807161712993,2.862169546792043,1.7519376166979341,219,0.25,-0.045695133052436686,0.12550729775773017,development,0.2105234022609371
0.46656762465152085,2.8076382199787075,1.3915292918662534,0.9154747470213108,1.5200083851508586,0.4760545448449426,0.278394826947901,0.18577588822815858,0.5989528648786285,0.391845703125,0.184814453125,1.6941884431037197,1.3352786164898593,0.8898917903078981,2.752723052699442,2.870274480746223,1.7829689836550786,219,0.3,0.07983816940021383,0.20984918709033518,development,0.28451031793339754
0.4609261922633757,2.8342300487289025,1.558524627672423,0.9758682555095866,1.5970645821024072,0.5826563721628364,0.279713602224379,0.21281112140424818,0.5942881545879457,0.410400390625,0.168212890625,1.6908985871220246,1.3474695802290657,0.8917788055931398,2.8148852834928593,2.859138031931276,1.8156742696427006,219,0.35,0.2520686357800879,0.3119974745891237,development,0.38127203529147924
0.4552267125578999,2.865442249206367,1.7045706938471654,1.0435379151890742,1.633453532484559,0.6610327786580912,0.28081188108196675,0.23881835438437768,0.5903505297983368,0.42919921875,0.160888671875,1.6892242790827428,1.3595706411517239,0.8939431322956924,2.8816993404598588,2.853478665042629,1.8484323282817154,219,0.4,0.3950309994224148,0.41448683190603663,development,0.435365414319561
0.449461336268424,2.899893110876164,1.8297522203644876,1.11730337854309,1.6376503065357206,0.7124488418213977,0.281710940574825,0.261979562136223,0.5849239790088168,0.446044921875,0.149658203125,1.6874946406260092,1.371060750174258,0.8963044701352452,2.951769810600691,2.84763816214152,1.8798075806684051,219,0.45,0.5093410158148703,0.5107687579168112,development,0.48614898422683606
0.4436249073279764,2.9362752632313107,1.9345232090074576,1.195913285969228,1.6176116042055866,0.7386099230382295,0.282435751564083,0.2834151919410021,0.5787658350795083,0.4609375,0.140869140625,1.6875421692293768,1.3815385695158564,0.8987891212234924,3.023813824776362,2.8477985729274073,1.9086488190599247,219,0.5,0.5958921043922504,0.5958921043922504,development,0.5162829408315477
0.43771479255972123,2.9733769743962317,2.01969764745975,1.27807200506699,1.580269061095574,0.7416256423927601,0.28301392221748467,0.3030398473121463,0.5729503687510343,0.4765625,0.130126953125,1.6870282100581675,1.3907332628412898,0.9013321392290721,3.0966897193689267,2.8460641815320806,1.934139008373186,219,0.55,0.6559155387353762,0.6559155387353762,development,0.5454446530939119
0.4317306712592188,3.0101006182324284,2.086408434905002,1.3624744900886896,1.5313376140856685,0.7239339448163122,0.2834746513806523,0.31896084269972624,0.5687406862660027,0.4873046875,0.1220703125,1.6869315575289712,1.398504288614468,0.9038783994971175,3.1694139618032504,2.8457380797871363,1.9558142452730656,219,0.6,0.6910012304693757,0.6910012304693757,development,0.5647692370936598
0.4256742921846862,3.0454765351811863,2.13603842288158,1.4478437071244668,1.4753238988232529,0.6881947157571133,0.283847754994562,0.3307402802631486,0.5644755439383785,0.49853515625,0.120361328125,1.6896053989982898,1.4048345956305899,0.906382775548685,3.2411668319253137,2.8547664043241854,1.9735602410805686,219,0.65,0.7030790659151551,0.7030790659151551,development,0.5426681139188585
0.4195492084860588,3.0786710814583147,2.1701314037769452,1.5329650874071803,1.41564307080695,0.637166316369765,0.28416280765554736,0.3382523562872991,0.5612678260409916,0.50341796875,0.11865234375,1.6909824118504808,1.4098149805823097,0.9088096480988522,3.3112880368242545,2.8594215171876853,1.987578279474304,219,0.7,0.6943652619542141,0.6943652619542141,development,0.5218897478276734
0.41336050278541975,3.108988420561715,2.1902953440847464,1.616713565536581,1.3547825606063966,0.5735817785481654,0.28444842067231507,0.3421580772486913,0.5591074841696073,0.504150390625,0.116455078125,1.6917001585052807,1.4136164977505885,0.9111319738485364,3.3792640529784927,2.8618494262868084,1.998311602712646,219,0.75,0.6672823418792875,0.6672823418792875,development,0.5033478518203626
0.4071145146499138,3.13586648229818,2.1981130350624665,1.6980708866146168,1.2944766042392764,0.5000421484478497,0.2847316606446691,0.3435058065289178,0.5569031820995247,0.507080078125,0.11572265625,1.6934513294538027,1.4164530005330027,0.9133301179215717,3.4447096131826833,2.867777405228867,2.0063391027189525,219,0.8,0.6243644545598389,0.6243644545598389,development,0.46766346028670625
0.4008185810113388,3.1588683225135386,2.195074543687814,1.7761334916104037,1.2358725028587576,0.41894105207741017,0.28503760070764417,0.3406529284124503,0.5569443222948975,0.5029296875,0.115478515625,1.6960454389811952,1.418541596397046,0.915390616903911,3.5073462516697624,2.876570131088931,2.0122602607086857,219,0.85,0.568161112085826,0.568161112085826,development,0.4384781075509202
0.3944807970242228,3.1776706496172595,2.1825407653673006,1.8501135859306295,1.1796793353471084,0.3324271794366711,0.28538899070890694,0.3357866044244623,0.5585528148407888,0.498779296875,0.1181640625,1.6995647520269475,1.4200703655437954,0.9173049961527239,3.566980957294194,2.888520346332436,2.0165998430956944,219,0.9,0.5011514879010045,0.5011514879010045,development,0.39950008903568623
0.38810980113729443,3.192051389108814,2.16173933087924,1.9193372058268063,1.1262947043992784,0.24240212505243353,0.2858060317597875,0.330746231265677,0.5599781111493496,0.4931640625,0.121337890625,1.7059184259780056,1.4211798372033688,0.9190687205223209,3.623487596358378,2.910157676091292,2.0197521296733996,219,0.95,0.42567823574121777,0.42567823574121777,development,0.3600695111472595
0.38171458468314257,3.2018778151721263,2.1337857785340657,1.9832428666699742,1.0759074515754419,0.15054291186409152,0.2863062428079205,0.3251719418624174,0.5607305471976946,0.488525390625,0.124755859375,1.7113698716925578,1.4219598713594468,0.9206803163370326,3.6767928650857042,2.928786837737017,2.0219698757565805,219,1.0,0.3439050363547321,0.3439050363547321,development,0.31530386148729084
0.37530432385737506,3.207096116230368,2.0997170665591196,2.0413828906999787,1.028575813055403,0.05833417585914091,0.2869044098307166,0.31918328191975565,0.5612881260153015,0.481201171875,0.123291015625,1.7196442474331122,1.4224590517411628,0.922140668247061,3.726867315354428,2.9571763377298113,2.023389753880374,219,1.05,0.2577969086785304,0.2577969086785304,development,0.29232588846587315
0.36888823098736634,3.207722503416422,2.0605229417202637,2.09342739380143,0.9842820189615388,-0.0329044520811661,0.2876126101499116,0.31267837701830364,0.5623088792237364,0.48046875,0.123046875,1.729693215277792,1.422700664996902,0.9234524703783488,3.7737207765136707,2.9918386189780426,2.0240771821826335,219,1.1,0.1691180236024548,0.1770348555817094,development,0.2562017280263219
0.36247542243097164,3.203835354003964,2.0171635681260396,2.1391689617907934,0.9429659854625894,-0.12200539366475383,0.28844030439631996,0.3050057586941305,0.5651848084385456,0.475341796875,0.1279296875,1.7376201550954788,1.4226984871388637,0.9246197980851096,3.817400580253346,3.0193238033940526,2.024070985307218,219,1.15,0.07943935849106498,0.1152756871704578,development,0.2140804081836328
0.3560748018299442,3.1955675742128467,1.9705678385785288,2.1785249417396773,0.9045422436177927,-0.20795710316114846,0.2893944870022175,0.2987899041086537,0.5667914353413276,0.46826171875,0.128173828125,1.7421312188798586,1.4224672384184442,0.9256477638806864,3.8579905921637714,3.035021183795838,2.0234130443738003,219,1.2,-0.009851517779826695,0.06952339711847055,development,0.19423749881189142
0.3496949590793683,3.1830984192633354,1.921613759189396,2.211534339510703,0.8689052323802255,-0.28992058032130696,0.29047988365092864,0.29283807306973303,0.5684745466242777,0.468505859375,0.13134765625,1.7481853796650186,1.4220261079546235,0.9265422264061703,3.8956092132628313,3.0561521216745424,2.0221582517045804,219,1.25,-0.09754418066371762,0.037197578155349645,development,0.1541259356631602
0.343344086590284,3.1666443556325783,1.871097991652066,2.238347453401734,0.8359283045214719,-0.367249461749668,0.291699181963057,0.2860199898938044,0.5714248800538018,0.46240234375,0.135986328125,1.7537822672528418,1.4213974658965989,0.927309531315934,3.9304051311363324,3.0757522409305356,2.020370756057279,219,1.3,-0.18260492715625629,0.01607274725547619,development,0.122748056354513
0.3370299147713939,3.1464490409256007,1.819704505347199,2.2592081433411506,0.8054612013995451,-0.43950363799395165,0.293053280715917,0.28056345930223614,0.5735757669212336,0.456298828125,0.138671875,1.7582622712430476,1.4206047849971357,0.9279562742916638,3.962550457540251,3.0914862144767774,2.018117955156764,219,1.35,-0.26418104230015044,0.004227332930863051,development,0.10123239489931687
0.3307596680264254,3.1227729558042676,1.7679818566681196,2.2744304354983123,0.7773294927267216,-0.5064485788301927,0.29454154347482436,0.2755967227791941,0.5747695693177147,0.452880859375,0.14111328125,1.7617103773218028,1.4196729787030393,0.9284890861610294,3.9922317346537293,3.1036234535633462,2.0154713664595665,219,1.4,-0.34160603952611157,0.0,development,0.07491312949004267
0.3245400411705938,3.095883508460057,1.716335472284379,2.2843724517798343,0.751337843768481,-0.5680369794954552,0.2961620445571497,0.2710311368368498,0.5761625450710325,0.448486328125,0.14013671875,1.7638612084071423,1.41863163893166,0.9289144464124491,4.019639910006639,3.1112063625235225,2.0125157269779335,219,1.45,-0.4144011597559663,0.0,development,0.06664837639169305
0.31837719444230983,3.0660464755695567,1.6650367876961976,2.2894111150568444,0.7272773233019164,-0.6243743273606468,0.2979117982781448,0.2668876499196029,0.5776865958321664,0.447509765625,0.142822265625,1.7628540293412087,1.417518938079388,0.9292385335622897,4.044960645433892,3.1076543287645535,2.009359939813722,219,1.5,-0.4822690825749628,0.0,development,0.041665516535152464
0.3122767637109015,3.0335194568451205,1.6142466975379168,2.289920686815289,0.704935636780911,-0.6756739892773722,0.29978696580575476,0.2643680428511689,0.5784523045898996,0.444091796875,0.1455078125,1.7620241937253607,1.4163829434955144,0.9294671192396758,4.068366224475968,3.1047292592735256,2.0061406426250237,219,1.55,-0.5450777352251092,0.0,development,0.023268810396602863
0.30624388144975223,2.9985476800846396,1.5640477152037673,2.2862571665894063,0.684108392555411,-0.722209451385639,0.30178303708202237,0.2621572223081734,0.5786691290828135,0.441650390625,0.14599609375,1.758264501548976,1.4152782313303338,0.9296055086977121,4.090009939041552,3.0914940574072873,2.003012472077524,219,1.6,-0.6028345656632156,0.0,development,0.011076564256334492
0.30028320375822803,2.9613621073953356,1.5144781028515433,2.2787492806929657,0.6646093607941773,-0.7642711778414224,0.3038949877291259,0.25857109342765844,0.5790156910928375,0.44091796875,0.14794921875,1.7541519384727169,1.4142580930493516,0.929658525298979,4.110023311411578,3.07704902324761,2.0001259537555947,219,1.65,-0.655653907255961,0.0,development,-0.012767492093123806
0.2943989391621731,2.922179462131569,1.4655619379002158,2.267695573350128,0.6462780785584467,-0.8021336354499122,0.30611741245971164,0.25522023400824717,0.5782835873562676,0.4365234375,0.146484375,1.7523755140382937,1.4133648086082202,0.9296305318453598,4.128515992130023,3.070819942200994,1.9976000822121571,219,1.7,-0.7037215174372106,0.0,development,-0.02123437505031625
0.28859487591646615,2.8812035877998063,1.4173310542419095,2.2533662473882323,0.6289838839490337,-0.8360351931463228,0.30844463728436783,0.2524013283930508,0.5783054702464121,0.429931640625,0.144287109375,1.7498249415524563,1.4126212771193354,0.9295254784952508,4.14557778480873,3.061887326079077,1.9954988725702683,219,1.75,-0.7472607482503603,0.0,development,-0.017613542427189294
0.28287440579762624,2.838627487891512,1.3698372523198736,2.236007995846161,0.6126262763212943,-0.8661707435262873,0.3108708129407983,0.24788945319753042,0.5799873163957597,0.43310546875,0.149658203125,1.7469372916876962,1.4120265434255357,0.9293469659073855,4.161282044791836,3.051789901089163,1.9938189593382731,219,1.8,-0.7865041628209832,0.0,development,-0.05618450168905456
0.27724054362911654,2.7946354620416036,1.323155395674309,2.2158500905626752,0.5971321802452428,-0.8926946948883663,0.3133899917200148,0.24321058628530146,0.5819340014975132,0.427490234375,0.15478515625,1.745902712395744,1.4115560991470175,0.9290983130616118,4.17568967994068,3.048176281150836,1.992490621039151,219,1.85,-0.821673059754433,0.0,development,-0.07898802228288374
0.27169594280971576,2.749404905789297,1.2773795343106369,2.193110324660074,0.5824511060603517,-0.9157307903494369,0.3159961894897827,0.23871514569438607,0.583556614712269,0.422607421875,0.1552734375,1.7475308736852342,1.4111662541393462,0.9287826214052112,4.188853104216305,3.0538641544830996,1.9913901968216805,219,1.9,-0.8529657363457814,0.0,development,-0.08559626218621122
0.26624290779688076,2.703107526843505,1.2326148550592886,2.167999883293072,0.5685493179948953,-0.9353850282337834,0.31868343440668845,0.2361621205684319,0.5827163195013717,0.422119140625,0.153564453125,1.7486645344445093,1.410801063645377,0.9284028298417029,4.200819693145861,3.0578276540240537,1.9903596411829332,219,1.95,-0.8805538216410179,0.0,development,-0.09482966896533859
0.260883404812177,2.6559099049369417,1.1889681540305541,2.1407266975342454,0.5554039922050975,-0.9517585435036913,0.3214458036664392,0.23366966080187507,0.5822747712526042,0.421142578125,0.152099609375,1.74816607002657,1.4104003506993175,0.9279617579296091,4.211634501211131,3.056084608392164,1.9892291492527643,219,2.0,-0.9045849331132947,0.0,development,-0.10160697923814352
0.5,2.9062464032625845,-0.13353339669817377,0.7943526514322834,-0.1681034191267594,-0.9278860481304572,0.2501406589507933,-0.010975512379311193,0.6263215829294777,0.2802734375,0.29541015625,1.754086665869765,1.3086453031530503,0.8921314733268771,2.576900467645473,3.076820031382125,1.7125525294645443,220,0.0,-0.9278860481304572,0.0,development,-0.495721864110125
0.49422859873284886,2.8671302389786844,0.14485928395801817,0.7866811213553192,0.1841397740782822,-0.641821837397301,0.25336470057753785,0.018257850229053362,0.62710305038379,0.296630859375,0.280517578125,1.7667052031758321,1.3021643136216499,0.8908283156747727,2.5794077385917666,3.121247274928575,1.695631899669748,220,0.05,-0.770598219655007,0.0,development,-0.37763334503227297
0.4885216430655,2.8415472384634883,0.4060802086814282,0.7927084482006422,0.5122693086003863,-0.38662823951921405,0.25648382688537374,0.04776882098003888,0.6269784535043652,0.31982421875,0.262939453125,1.7764465041036412,1.3009059153381002,0.8900975435371092,2.5945202502120703,3.155762181942066,1.6923562005616652,220,0.1,-0.6163346022661897,0.0,development,-0.25610569341924905
0.4828536075452722,2.8279523265474156,0.6487491395628049,0.8111346175551529,0.7998045275372473,-0.16238547799234804,0.25950787606144166,0.07499756046238713,0.6258861163231416,0.3310546875,0.25244140625,1.7817368643968088,1.304788596370301,0.8899005900216492,2.6211585615444064,3.1745862539505905,1.7024732812179857,220,0.15,-0.4669041609753837,0.0,development,-0.14823105055267063
0.4772020633035355,2.824794385425546,0.8716014253810868,0.840805677281665,1.036626474976935,0.03079574809942176,0.26245000511078254,0.10208767270320764,0.6238502961052999,0.34716796875,0.238525390625,1.7807001852746032,1.31317517730364,0.8901815723061994,2.6580735090400207,3.170893149837023,1.7244290462864513,220,0.2,-0.32418188046873825,0.008831103479259531,development,-0.03549645808803317
0.4715476868231391,2.830521790477931,1.0736739352902134,0.8806301814665756,1.2192109217766627,0.1930437538236378,0.26532564157052874,0.1279836133599921,0.6209765915123199,0.364013671875,0.22265625,1.7850501860217896,1.3250675324174173,0.8908725678754982,2.7038876149729614,3.186404166616443,1.7558039654667892,220,0.25,-0.19001427222167758,0.05661560808791215,development,0.07746581791516624
0.46587424556397417,2.8435992505128813,1.2544262284646863,0.9295220997908124,1.3495388961133825,0.32490412867387397,0.268151225006814,0.15308830993482989,0.6162817002791844,0.38427734375,0.2109375,1.7939909809553858,1.3393319951828808,0.89189946314682,2.7571507402898816,3.218403639749286,1.7938101933205621,220,0.3,-0.06612457933571461,0.12116599580452116,development,0.15589409601548984
0.4601685427044606,2.8625309860013886,1.4137827814225588,0.9863673898212781,1.4333227112047215,0.4274153916012806,0.2709429209919949,0.1758714695817864,0.6099959648581788,0.398681640625,0.19677734375,1.8027501545657603,1.35488230249996,0.8931874817506987,2.8164004016254327,3.249908119786891,1.8357060536275986,220,0.35,0.1037509516712626,0.20203874050600085,development,0.23233127879894697
0.4544203133174451,2.885885364716648,1.5521056054322528,1.0500101251655933,1.478181560570643,0.5020954802666595,0.2737154790577121,0.1959200997588031,0.6047003539280087,0.4111328125,0.185302734375,1.809800110347123,1.3707906432294779,0.8946657128448392,2.880217667220826,3.2753764394124776,1.8790669875654913,220,0.4,0.24382876370584433,0.2862198202389388,development,0.2892298457778564
0.44862207310393365,2.912317191902085,1.6701204283475004,1.1192537737370436,1.4921731492324428,0.5508666546104568,0.27648136464680084,0.21408342124859833,0.6003972263867167,0.4228515625,0.177734375,1.819040315490436,1.3863354811689368,0.8962702858185098,2.9472724528958802,3.3089076693795634,1.9219260663479136,220,0.45,0.35510816190678857,0.3668758344332433,development,0.3239052174651893
0.44276892694918757,2.9405853375338147,1.7688222563292113,1.1928733505637268,1.482824857721319,0.5759489057654845,0.2792502363009634,0.23101016166936658,0.5949717997272743,0.433349609375,0.168701171875,1.826971490039135,1.401010005423988,0.8979461542147225,3.0163555004247304,3.3378248254158347,1.9628290352981292,220,0.5,0.43894619916453975,0.43894619916453975,development,0.35031230376529343
0.4368583477589013,2.9695647783876544,1.8493811282576136,1.2696344197063023,1.4566249146627743,0.5797467085513113,0.282028778126957,0.24516505403235803,0.5915250044940703,0.44580078125,0.162841796875,1.8360858050632987,1.414509034588951,0.8996476786345341,3.0863970762651953,3.3712110835549605,2.0008358089337728,220,0.55,0.49703902250623433,0.49703902250623433,development,0.35700233500022205
0.4308899367626963,2.9982531777839156,1.913061292135122,1.3483153132967334,1.4188530481475745,0.5647459788383886,0.2848208463550568,0.2575316916896512,0.58754091817621,0.44873046875,0.15283203125,1.8466371967815796,1.4266981152874667,0.9013383127544933,3.1564741042861577,3.4100689365373493,2.035467512164816,220,0.6,0.5313658194845018,0.5313658194845018,development,0.3841688990737656
0.42486517551017994,3.0257727782320485,1.9611603443388472,1.4277296337336163,1.3736216563708012,0.533430710605231,0.2876278548391513,0.26756716882621906,0.5834234389353119,0.45556640625,0.14892578125,1.859114818007724,1.4375635258932788,0.9029897165761863,3.225808247558367,3.456307906535912,2.0665888909787222,220,0.65,0.5441122917563269,0.5441122917563269,development,0.37309625514278266
0.4187871778643104,3.051368702869527,1.994970017303824,1.5067471280046596,1.3240244366323788,0.48822288929916446,0.29044930952003045,0.27671811530491475,0.5798917294756821,0.460205078125,0.142578125,1.8683073763191302,1.447153034813067,0.9045805810355365,3.2937577083851677,3.490572452408492,2.0942519061686764,220,0.7,0.5375890549473992,0.5375890549473992,development,0.37271501215277947
0.41266044800923507,3.0744048194176656,2.0157566872422046,1.5843121228143955,1.272322958471961,0.4314445644278091,0.29328340381087,0.28256438438596687,0.5769071640480156,0.4638671875,0.1376953125,1.8761780403254051,1.455531042908948,0.9060953803256058,3.359805408980255,3.520044038999298,2.1185706168716165,220,0.75,0.5141565063645201,0.5141565063645201,development,0.3595706751223843
0.40649064830722714,3.094358166766278,2.0247567480622566,1.659459497149993,1.2201302602079993,0.3652972509122636,0.29612760075990197,0.28619272117664596,0.5749421596800711,0.463134765625,0.136474609375,1.8842395784455581,1.4627669715558869,0.9075231953249582,3.423545800523739,3.5503587889807138,2.139687213074787,220,0.8,0.4761628114089873,0.4761628114089873,development,0.3380723649533425
0.40028437912735304,3.1108126401482394,2.023180032260429,1.7313283871108667,1.1685709350821574,0.2918516451495623,0.29897914817874255,0.2887281749402329,0.5722833039619474,0.46240234375,0.133544921875,1.8868132744413555,1.4689506888029877,0.9088566865825548,3.4846718812702595,3.560064332608129,2.1578161261347786,220,0.85,0.4258969810211341,0.4258969810211341,development,0.31407805068356776
0.39404897173847464,3.1234522707973715,2.0122141874740156,1.7991735260359571,1.1184102913671934,0.21304066143805844,0.30183549472881144,0.2910199564123983,0.570609012960046,0.46044921875,0.131591796875,1.8850380577798342,1.474206907940256,0.9100912449610208,3.5429632327317737,3.5533684792783893,2.1732860074187768,220,0.9,0.3655554984321141,0.3655554984321141,development,0.2905432828051072
0.38779229500876455,3.132054133619988,1.9930246465853172,1.8623736564996478,1.0701529414517328,0.13065099008566938,0.30469459454145387,0.29255584487553643,0.5696005490521223,0.461669921875,0.130126953125,1.8841489476515063,1.478684653592639,0.9112243144491706,3.5982752156006033,3.5500172569362975,2.1865083047703893,220,0.95,0.29721907799711006,0.29721907799711006,development,0.26348428381113276
0.3815225767721871,3.136480758656475,1.966747924447577,1.920436192973884,1.0241152148887473,0.04631173147369294,0.30755510312665507,0.29276915165249484,0.5690123401145467,0.46435546875,0.13037109375,1.8858473802638676,1.482524101946555,0.9122548637710264,3.650529068283178,3.556420341648112,2.1978777128524456,220,1.0,0.22283584832480688,0.22283584832480688,development,0.22913714144967331
0.37524824098729104,3.136671929353417,1.9344791245265358,1.972997461885253,0.9804772494122157,-0.038518337358717236,0.31041647729872424,0.28972106395474584,0.5704892328455772,0.4609375,0.1328125,1.8889503211462177,1.4858253904780674,0.913182977842258,3.699702556598597,3.5681333157584203,2.2076770909893084,220,1.05,0.14420808514404643,0.15347562147125834,development,0.19764416563000106
0.36897776193522425,3.1326358736802042,1.8972565315472698,2.0198183285242575,0.9393203857762122,-0.12256179697698766,0.3132789968677055,0.28657974136088493,0.572036743198289,0.463623046875,0.13330078125,1.8915431665228688,1.4886420972805927,0.9140095422657372,3.7458209407793643,3.5779355508193813,2.2160552937959683,220,1.1,0.06298094452892866,0.10005700738509897,development,0.1658619596917744
0.3627195365335269,3.1244400086481576,1.8560465425620516,2.060775597349188,0.9006543676805554,-0.20472905478713632,0.31614372683736086,0.28311283367762813,0.5733708964405783,0.463134765625,0.13671875,1.8946276403956281,1.491000276511383,0.9147359995170731,3.7889482075442316,3.5896138957511265,2.2230818245570267,220,1.15,-0.01936709591230822,0.06024615700197792,development,0.12821508905796128
0.35648177539515763,3.112201512365294,1.8117313414165657,2.0958500114158687,0.8644374986512683,-0.284118669999303,0.31901243706524113,0.2794378406016671,0.5740418815795371,0.460205078125,0.1357421875,1.8966998153912114,1.4929236237733285,0.9153641611336544,3.829178645402814,3.597470189705076,2.2288209464204933,220,1.2,-0.10153153115608239,0.03200941903374431,development,0.10898997619904835
0.350272412659439,3.0960780392386322,1.7651004702580004,2.1251118792050887,0.8305917855573078,-0.3600114089470883,0.32188749307711473,0.274451494714272,0.5738600240806705,0.45068359375,0.1396484375,1.8999863156047325,1.4944433121846008,0.9158960646287673,3.8666288840889846,3.6099479994852675,2.233360813333287,220,1.25,-0.1823859572303859,0.013567098146435494,development,0.07604512607691025
0.3440990340030975,3.0762588729890394,1.7168464794316214,2.1487053656690547,0.799014377151256,-0.4318588862374333,0.3247717281272774,0.26858760456860414,0.5742483625296091,0.446533203125,0.141357421875,1.904956442498388,1.495586127867238,0.9163338668494665,3.9014305046522324,3.6288590478161367,2.236777865868926,220,1.3,-0.26098221750195716,0.003356096227651619,development,0.046359556947066366
0.3379688217021398,3.0529567576581043,1.6675643735032717,2.1668324028546744,0.7695862270226131,-0.4992680293514027,0.32766830350108894,0.2633948504559015,0.5753445781324437,0.44140625,0.146240234375,1.9090151605869712,1.4963524449572483,0.9166797675142818,3.9337233063240684,3.6443388833509225,2.239070639529541,220,1.35,-0.3365461102624709,0.0,development,0.012617564869964099
0.3318885151989235,3.0264005835143144,1.6177544497181677,2.1797370799348093,0.7421787079781892,-0.5619826302166415,0.3305805619491887,0.25896834516253564,0.576310504176363,0.43359375,0.145263671875,1.9122207838862826,1.4967028896735017,0.9169359581067182,3.963649318873751,3.656588326326692,2.240119539957017,220,1.4,-0.4084686802028283,0.0,development,0.009035732096524057
0.3258643853382527,2.9968290427295488,1.5678280625585665,2.18769127349234,0.7166587358808405,-0.6198632109337734,0.3335118781569967,0.25506661921171314,0.5760566924051518,0.431396484375,0.146240234375,1.916829908413448,1.4965661583846066,0.9171045922848414,3.9913476681316773,3.6742368977883295,2.2397102664220667,220,1.45,-0.47629358947830575,0.0,development,-0.011216734141104162
0.319902220268805,2.964485308107749,1.5181156951019275,2.190982144439738,0.6928927736607041,-0.6728664493378105,0.3364655101364064,0.2521387870002598,0.575965016984825,0.42578125,0.14892578125,1.9227169883102289,1.4958669499237718,0.9171877744327214,4.016950410197512,3.6968406171367807,2.2376179318742553,220,1.5,-0.5397014439595409,0.0,development,-0.025057789641116962
0.3140073209627671,2.929612725627776,1.4688765276296194,2.1899019315942776,0.6707499118740252,-0.7210254039646582,0.3394444560344903,0.24896591880031455,0.5766011118844111,0.429443359375,0.151611328125,1.9264869838185774,1.49456165300159,0.9171875629122653,4.040579423673391,3.7113520988224233,2.2337145346228526,220,1.55,-0.5984921834860992,0.0,development,-0.05069444829101291
0.30818450438541944,2.892451452957893,1.4203086184468865,2.184740225225411,0.650104118580206,-0.7644316067785244,0.3424513216464736,0.24610155290082097,0.5764948284051182,0.427734375,0.152587890625,1.927372595452306,1.4926659745998372,0.9171059841639156,4.0623443875174186,3.714765121700583,2.228051711728089,220,1.6,-0.652566708430544,0.0,development,-0.06442572197653998
0.3024381125300714,2.8532359315376317,1.37255894945097,2.175778654113178,0.6308357455645731,-0.803219704662208,0.3454882044553887,0.24398250227920554,0.5761794073762826,0.42724609375,0.153076171875,1.9275694071083775,1.4902631983914532,0.9169450534186446,4.0823417940880695,3.715523819220168,2.2208844004799304,220,1.65,-0.7019088154705672,0.0,development,-0.07554880000940503
0.29677202578434997,2.8121930583279866,1.325732900627304,2.1632877220268805,0.6128324434741237,-0.8375548213995765,0.34855659994325144,0.24137024980905064,0.5746946451329771,0.419189453125,0.150390625,1.9260425349385166,1.4874905430899978,0.9167067977985588,4.100654879333983,3.709639846392412,2.2126281157821834,220,1.7,-0.7465682888718539,0.0,development,-0.06987011489175035
0.2911896793620763,2.7695409265951696,1.2799030542909993,2.1475254172593625,0.5959897116954225,-0.8676223629683633,0.35165733503400026,0.24034949686905113,0.5744771235794018,0.4208984375,0.1533203125,1.923388486250593,1.4845096046777164,0.9163932782006613,4.117354313479767,3.699423269041373,2.203768766380396,220,1.75,-0.7866456985191331,0.0,development,-0.0904162845555169
0.285694081777326,2.72548802580727,1.2351174306331718,2.128737189860784,0.5802113274085968,-0.8936197592276123,0.35479053184863907,0.2415452174480714,0.5749224873239164,0.423828125,0.151611328125,1.919966301655666,1.48147179839581,0.9160066075104117,4.132499488336712,3.6862705994933624,2.1947586894421223,220,1.8,-0.8222791612358178,0.0,development,-0.08468675154084085
0.2802878345312347,2.6802328161634454,1.1914072430795801,2.1071569159792647,0.5654098344763727,-0.9157496728996846,0.3579556026940038,0.24137207113932072,0.5749176021145376,0.424072265625,0.151123046875,1.9161709172976826,1.4784898556110266,0.9155489640832086,4.146140249812213,3.6717109842974693,2.185932253144722,220,1.85,-0.8536330886559859,0.0,development,-0.08612178727129796
0.2749731523307989,2.6339636115417173,1.1487940757194377,2.08300851042809,0.551507144578753,-0.9342144347086523,0.3611512747341074,0.23996714296898033,0.5758597794175105,0.42529296875,0.15185546875,1.9118785190118335,1.4756226209801893,0.915022600678806,4.158318939582184,3.6552794714589076,2.1774621195484505,220,1.9,-0.8808888091320483,0.0,development,-0.09385549161837062
0.26975188328385863,2.58685870985737,1.107296151087129,2.0565078822676774,0.5384351602222559,-0.9492117311805484,0.36437564052831506,0.23825368861004623,0.5768133445969325,0.419189453125,0.156005859375,1.911139644203711,1.4728748244616643,0.9144298498246742,4.169072616264761,3.652454739647114,2.1693602485329855,220,1.95,-0.9042369145474567,0.0,development,-0.10074571794242995
0.26462552864115596,2.539086703742864,1.0669332127993147,2.027864949080914,0.5261362268147488,-0.9609317362815992,0.36762622893399965,0.23533071878081843,0.5765577413353801,0.417236328125,0.15478515625,1.9119331192549383,1.4702085928327808,0.9137731267889722,4.178435321897668,3.655488252503946,2.1615133064393532,220,2.0,-0.923871215528913,0.0,development,-0.10125911721389982
0.5,3.0315296919027874,-0.03297413222326401,0.8439811655120775,-0.03906974891229625,-0.8769552977353414,0.187172494913486,0.005613999694030954,0.607155668463667,0.273681640625,0.275634765625,1.6007694543518778,1.3124515788471685,0.9261244367370145,2.606631518960296,2.5624628459860226,1.7225291468184307,221,0.0,-0.8769552977353414,0.0,development,-0.36172394634472627
0.4939756371586797,2.9947201683988878,0.23668192793164952,0.8373172820732103,0.28266695671875,-0.6006353541415608,0.18829252820134576,0.03978228270281411,0.6065140899413234,0.295166015625,0.25341796875,1.5810680077240327,1.3126567255636137,0.9255268383072168,2.610018970606333,2.4997760450484563,1.7230676791673933,221,0.05,-0.7250251986120145,0.0,development,-0.17864840338601043
0.4880116087232549,2.9709411785351882,0.48884481576833205,0.844463151234163,0.57888235271592,-0.355618335465831,0.18960191976571047,0.07339266789919036,0.6029213719759376,0.31787109375,0.23193359375,1.58267916119198,1.313768454450539,0.925170989818154,2.6255311392970153,2.504873327271364,1.7259875519093637,221,0.1,-0.576612452967075,0.0,development,-0.04141434871047581
0.48208339805338424,2.958652361743675,0.72319284598185,0.8641492139950302,0.836884225860106,-0.14095636801318023,0.19110254043519942,0.10479330846044291,0.5980146677793206,0.3349609375,0.2138671875,1.598531621260633,1.3155191530579182,0.9250335298163829,2.6521369530911256,2.555303344170164,1.730590642062228,221,0.15,-0.4332036929439714,0.0,development,0.05973887862871305
0.4761695274236414,2.9563533847066346,0.9392980990721531,0.8952765715690413,1.049170869540304,0.044021527503111835,0.19279232273272118,0.13347378940211022,0.5935902824411596,0.351806640625,0.20263671875,1.6183479961023852,1.3177858366167028,0.9250872619775943,2.688685340015957,2.619050236488622,1.7365595111875887,221,0.2,-0.2963528104430924,0.012623777264314927,development,0.12276975210087646
0.4702514898217809,2.962573178731115,1.1366605438562245,0.9368210468107983,1.2133166176461727,0.19983949704542625,0.19466591939515315,0.16134871919301802,0.5891303051081475,0.37109375,0.186279296875,1.641927138004999,1.3205412407542028,0.9253025264054437,2.733925823966811,2.6959247265173034,1.7438291685326546,221,0.25,-0.16764121783727728,0.061187273896975695,development,0.19581411162867676
0.46431369521464816,2.9758664515927977,1.314787824965222,0.9877570880280407,1.3310841713017376,0.3270307369371813,0.19671541420317548,0.18856060872607505,0.585889426526955,0.38818359375,0.173095703125,1.6646170493284498,1.3237800484445696,0.9256485607160234,2.7865370396798985,2.7709499209149713,1.7523936166599126,221,0.3,-0.04862283269174829,0.1251493792218399,development,0.2650178426837323
0.4583434159345906,2.9948180070323556,1.4732949090865426,1.0470061108600999,1.4071502485083425,0.4262887982264427,0.1989310166392668,0.21363754728412532,0.5836766371083493,0.40478515625,0.159912109375,1.6811835151874661,1.3274613435864804,0.9260947891413338,2.845163379614064,2.8263780117381025,1.762153618716429,221,0.35,0.11478731881883267,0.20502899993262547,development,0.3366968174049082
0.45233071627431015,3.018053935707399,1.6119978528119852,1.1134106495100378,1.4478017194476749,0.4985872033019474,0.20130168764450984,0.23623371974894983,0.5818445567226628,0.423583984375,0.15380859375,1.6926291728417477,1.331489760080058,0.9266119670986944,2.9084569395328916,2.8649935167549554,1.7728649811980561,221,0.4,0.24957683212128542,0.28782394393488026,development,0.3730570786926365
0.44626835447361335,3.0442576017991545,1.7309820992252116,1.1857324239795468,1.4598420893439867,0.5452496752456648,0.20381566281585622,0.2563012505088993,0.5786479282977693,0.438720703125,0.149658203125,1.6993604237973077,1.335731730523306,0.927173113024971,2.9751200768720274,2.8878258499685816,1.7841792559267917,221,0.45,0.3566229729312109,0.36683773104754747,development,0.3940316755842014
0.44015165012287527,3.0721877664452086,1.8306352173116454,1.2626696840106615,1.4498132334158331,0.5679655333009839,0.20646085812309448,0.2730134406041011,0.5758024792802925,0.453369140625,0.143798828125,1.7050451147202261,1.3400469545886415,0.9277541806527392,3.04394357528677,2.907178843231325,1.7957258405022987,221,0.5,0.4369941982872911,0.4369941982872911,development,0.41223077066612024
0.43397831539898557,3.100696215210994,1.9116438453254991,1.3428875198821382,1.423532363673526,0.568756325443361,0.2092251593345458,0.28779194448806417,0.5711431023084292,0.46435546875,0.13134765625,1.7110673279328634,1.3443148074531877,0.9283344569752788,3.1138364369155984,2.9277514007193255,1.8071823015379065,221,0.55,0.49201186241604106,0.49201186241604106,development,0.44615530587868857
0.427748253363219,3.1287427746203815,1.9749620012189109,1.4250544949777078,1.3858852473215808,0.5499075062412031,0.21209660864161975,0.3002466754590477,0.5672510335325707,0.47021484375,0.1298828125,1.7173177557412187,1.3484452295922598,0.9288967040206503,3.1838451475813248,2.9491802741840725,1.8183045372101274,221,0.6,0.5232765821667441,0.5232765821667441,development,0.4408761945016536
0.4214633300255862,3.1554063775302286,2.021761199882507,1.5078797671557573,1.3407973526271662,0.5138814327267498,0.2150635100278288,0.3089647616104255,0.5652412057245656,0.474853515625,0.130126953125,1.7225622564971779,1.3523746228707567,0.9294270874604982,3.2531621947561136,2.967220727508665,1.8289171205848267,221,0.65,0.53265964116034,0.53265964116034,development,0.42718218619441306
0.41512712876524505,3.1798916123277365,2.05337210279339,1.590146317024276,1.2913101648633019,0.4632257857691142,0.21811447875544424,0.31488646285793315,0.5631664636148073,0.47802734375,0.127197265625,1.7268675694416356,1.3560538701818803,0.9299149474081404,3.3211251100233006,2.9820716023892775,1.8388820988352614,221,0.7,0.5222649411286899,0.5222649411286899,development,0.41879259768439203
0.4087446961893833,3.201530787931696,2.0712244897044565,1.6707374648396955,1.2397067362724083,0.40048702486476095,0.22123846027206612,0.31659876823107674,0.5630103688252545,0.486328125,0.12841796875,1.7267316838472522,1.3594369138866147,0.9303524668469081,3.3872081103032667,2.9816023080019822,1.848068722837568,221,0.75,0.4943699304542231,0.4943699304542231,development,0.3821771514345452
0.4023222880427064,3.2197819150845497,2.0767894552611104,1.7486552331316552,1.1876494668087327,0.3281342221294552,0.22442474049255737,0.31667189422994835,0.5633124869187145,0.4892578125,0.1259765625,1.7249731076171952,1.3624759831964353,0.9307342849454242,3.4510085952399145,2.9755322220025398,1.8563408047870975,221,0.8,0.45135474815422555,0.45135474815422555,development,0.36558391337979856
0.39586712276058256,3.234223200017107,2.0715263422748467,1.8230302561486158,1.1363093592594622,0.24849608612623086,0.22766296372694073,0.31537870460030887,0.5637091022060149,0.489013671875,0.12548828125,1.722433203370829,1.3651255162839608,0.9310570912316377,3.5122305720973155,2.966776140074311,1.8635676752095565,221,0.85,0.39562814634046145,0.39562814634046145,development,0.3430747870331031
0.38938714894555687,3.24454475990773,2.0568370235089857,1.8931239187272768,1.0864777541302058,0.16371310478170886,0.2309431677103756,0.3144504637703265,0.5643373249915072,0.482666015625,0.124755859375,1.7209250410206012,1.3673526388403678,0.9313192262981775,3.5706667754608077,2.961582996811774,1.8696532389437224,221,0.9,0.32955730594996857,0.32955730594996857,development,0.3338923800142921
0.3828908315367822,3.2505383582365246,2.03403065392126,1.958324239452008,1.0386587741417308,0.07570641446925186,0.2342558385508048,0.31370396302467507,0.5660290359336004,0.48388671875,0.1298828125,1.7210426848395257,1.3691490535705024,0.9315203072368649,3.6261809627109702,2.9619879230396586,1.8745691308930077,221,0.95,0.2554069382543695,0.2554069382543695,development,0.2960249300318397
0.37638695977637604,3.2520860204480204,2.0043017251479043,2.0181375953045695,0.9931442384360433,-0.013835870156665209,0.23759198306520188,0.3116991483210427,0.5684977950574817,0.48291015625,0.13134765625,1.7230843903538011,1.3705384856403278,0.9316608911018254,3.6786916063615664,2.969019816280947,1.878375740621288,221,1.0,0.17529129841775568,0.1786202175271487,development,0.2756309851614144
0.3698844783459945,3.249148385509518,1.9687226420623791,2.0721785722967705,0.950073834553881,-0.10345593023439137,0.24094321259816845,0.3078662567524938,0.5691577485968284,0.48291015625,0.135009765625,1.7284415019472776,1.3715758144835952,0.9317421860489361,3.7281579161936973,2.987510025653777,1.881220214876343,221,1.05,0.09114098686714901,0.11875803755565865,development,0.23119261900302654
0.3633923414267676,3.241753539426114,1.928249507408825,2.1201599485955023,0.9094830362615763,-0.19191044118667722,0.2443018310925091,0.30429258280806193,0.56969600156532,0.477783203125,0.134765625,1.7352150739330912,1.372337797109466,0.931765816109064,3.7745687666996885,3.0109713528046393,1.8833110293752666,221,1.1,0.004684705253643361,0.0734694074738624,development,0.21131108144062946
0.3569193881440198,3.2299868616460885,1.8837373234693424,2.1618841521546446,0.8713405487486058,-0.27814682868530216,0.24766092047281818,0.29907210010137836,0.5720473397063649,0.468994140625,0.13525390625,1.739950197047086,1.3729088765678816,0.9317336412821421,3.81793469421198,3.0274266882042102,1.884878783358888,221,1.15,-0.0825554486385587,0.040683005290075534,development,0.1988223846500685
0.3504742370697128,3.2139821372892547,1.8359593671707883,2.197236695251456,0.8355765089571643,-0.3612773280806678,0.2510144175810305,0.29480577627678556,0.5729317032808985,0.46826171875,0.141357421875,1.7409716671912316,1.3733670953266215,0.9316476300946124,3.858282730470942,3.0309823459626326,1.886137178525887,221,1.2,-0.16925785531363144,0.01856481048477766,development,0.15014399887910015
0.34406519722958767,3.1939139155293237,1.7856255510769372,2.22618132990482,0.8021024734554222,-0.44055577882788266,0.25435717824259174,0.290467187383613,0.5731401989183365,0.464599609375,0.139892578125,1.7395394388623544,1.373774050728755,0.9315097777556122,3.8956535379574566,3.025997459357572,1.8872551424556971,221,1.25,-0.25428793566177665,0.005486255942592285,development,0.13357951420474737
0.3377001933200604,3.169990891938561,1.733395992178351,2.248756188619096,0.7708243343369231,-0.515360196440745,0.2576850250607415,0.286523830652917,0.5712976214470256,0.46630859375,0.138427734375,1.7381137105558697,1.3741701985745767,0.9313220603964032,3.9301001644240063,3.021039270822311,1.8883437346504968,221,1.3,-0.3366811086959937,0.0,development,0.1017448867306224
0.33138670339907045,3.1424499969467883,1.679888135619211,2.2650700464420517,0.7416495301140739,-0.5851819108228407,0.2609947760944968,0.28209274113002203,0.569568518352023,0.455078125,0.135498046875,1.7346315075412064,1.3745744391920525,0.9310864150139341,3.961687747569501,3.008946466954696,1.8894548888801512,221,1.35,-0.41562541413279697,0.0,development,0.09634172468591914
0.32513170795609847,3.1115508831452643,1.625677832240743,2.275298003916501,0.7144900709456264,-0.6496201716757581,0.2642842518307748,0.2778262615532813,0.5691887555138712,0.44921875,0.133056640625,1.7317163272943141,1.3749860972440346,0.9308047355522016,3.9904936345224686,2.998841438217725,1.890586767614388,221,1.4,-0.4904461487554167,0.0,development,0.08844071430588021
0.3189416498045708,3.0775705895028613,1.5712961371064924,2.2796762035259435,0.6892628587674822,-0.7083800664194511,0.2675522581267063,0.27408834336254095,0.5689125631570844,0.45068359375,0.13525390625,1.7275128959741075,1.375388149597711,0.9304788774855898,4.01660756496934,2.984300805756866,1.8916925620538214,221,1.45,-0.5605937243075806,0.0,development,0.05471514767175631
0.31282240457002025,3.0407982753686773,1.5172240465601061,2.278495500336805,0.6658885419505246,-0.7612714537766987,0.27079854338272896,0.2694098631089843,0.5695606646495849,0.444091796875,0.13623046875,1.7188426309951355,1.3757518030296012,0.9301106655652184,4.0401317320261985,2.954419990126297,1.892693023539204,221,1.5,-0.6256348785640088,0.0,development,0.041727952875186186
0.30677926165329694,3.0015300209875013,1.4638870722256998,2.272094206770861,0.6442897780661133,-0.8082071345451611,0.27402372928979063,0.2656183625883908,0.5700276592760369,0.439208984375,0.140380859375,1.7086990678673266,1.3760430301973805,0.9297019013962677,4.0611806369440595,2.9196525045306894,1.8934944209547944,221,1.55,-0.6852465785401229,0.0,development,0.017823812268608602
0.3008169154781947,2.9600637610926737,1.4116508436667135,2.260850096717644,0.6243894036655423,-0.8491992530509307,0.27722921607110634,0.2623773523619384,0.5699469522889501,0.440673828125,0.139892578125,1.7004005699110367,1.3762309424033732,0.9292543688735873,4.07988068436133,2.891362098153796,1.8940116068284825,221,1.6,-0.7392115398686394,0.0,development,0.0021114333853840817
0.2949394666612525,2.916694450845115,1.3608182403482232,2.245171828559136,0.6061087276431504,-0.8843535882109128,0.28041706503546554,0.2588570057359537,0.5701965161432135,0.43701171875,0.140625,1.6949799943233477,1.3762964804008646,0.9287698362096747,4.096369447690125,2.8729571811563943,1.894192001963814,221,1.65,-0.7874142188315089,0.0,development,-0.009598772482364654
0.28915043253322986,2.871709569678873,1.3116281319438376,2.2254899036411544,0.5893660221948727,-0.9138617716973167,0.283589863186842,0.2560939773377183,0.5716575713568061,0.438720703125,0.140625,1.6937033506966896,1.37623897366306,0.9282500535985216,4.110794508526524,2.8686310401612123,1.8940337126291587,221,1.7,-0.8298363030365272,0.0,development,-0.01964931279734919
0.2834527662349543,2.8253850630886097,1.2642556960704838,2.2022472776577633,0.5740752679758578,-0.9379915815872795,0.2867505762697404,0.2540752980214056,0.5734593131511132,0.4345703125,0.14453125,1.6962846691874789,1.3760784540089754,0.9276967458109958,4.123311775007975,2.877381678920494,1.8935919115877373,221,1.75,-0.8665510042101668,0.0,development,-0.032408396665729616
0.2778488834172461,2.777981815148556,1.218814362886362,2.1758898089574865,0.5601452600535507,-0.9570754460711246,0.28990239768615206,0.2518450539204295,0.5759296281507906,0.43505859375,0.146728515625,1.7001435105479437,1.3758530927783394,0.927111599465671,4.134083228878777,2.8904879564583057,1.8929717329077282,221,1.8,-0.89771574304916,0.0,development,-0.04324446803454332
0.2723406953954621,2.7297427377747385,1.1753595299519572,2.146856838436725,0.5474792305237353,-0.9714973084847678,0.29304860101021574,0.24736908868528812,0.5783379671113367,0.425537109375,0.149169921875,1.703900491319927,1.375612874726905,0.9264962454326345,4.143274134145653,2.903276884320309,1.8923107811144253,221,1.85,-0.9235630630739291,0.0,development,-0.04628995609902489
0.2669296474462562,2.680890552435848,1.1338941679895584,2.1155723027979296,0.5359751432224451,-0.9816781348083712,0.29619240329316787,0.24301783551578893,0.579923574764924,0.424072265625,0.150634765625,1.7060460046754793,1.375411660264944,0.9258522376930154,4.1510498389259425,2.910592970069186,1.891757235192776,221,1.9,-0.9443898131466031,0.0,development,-0.06033169064232177
0.2616167608003138,2.6316263205124297,1.094376264716317,2.0824368379209357,0.5255267505779052,-0.9880605732046186,0.2993368450728995,0.23969766313895974,0.5804347507572154,0.42333984375,0.1533203125,1.7088943823755474,1.3752997216020595,0.9251810307739476,4.157572387632195,2.920320010114724,1.891449324238709,221,1.95,-0.9605448134477989,0.0,development,-0.08135529430638147
0.256402676802192,2.5821287467551532,1.0567277831876356,2.04782130300994,0.5160253883649076,-0.9910935198223045,0.3024846911753368,0.2382806635641987,0.5794544456242672,0.419189453125,0.1494140625,1.710139925912114,1.3753179822741728,0.9244839583840594,4.162997209309322,2.924578566198712,1.891499552366708,221,2.0,-0.9724153824742671,0.0,development,-0.07086682237148714
0.5000000000000001,3.004240563605653,0.018065356269973833,0.8466822403475933,0.02133664249595853,-0.8286168840776195,0.22734313755622207,0.01616634318290966,0.6152533629119001,0.29052734375,0.2724609375,1.602891953093802,1.2742334828494193,0.9109445040735206,2.6177590270597015,2.5692626132928775,1.623670968814566,222,0.0,-0.8286168840776195,0.0,development,-0.4018119122777023
0.4940269659780883,2.9709566587876144,0.3342363930228577,0.843045998749702,0.3964628187768572,-0.5088096057268443,0.22929246186367552,0.051051975516395454,0.6137469668056426,0.3095703125,0.255126953125,1.5935007622139568,1.2725547694275856,0.9106835686622328,2.6242232622833344,2.539244679176475,1.6193956411929002,222,0.05,-0.6527759698523885,0.0,development,-0.25266573909167056
0.4881051344018734,2.9527352962924835,0.6290930869311809,0.8553363791182835,0.7354920266336343,-0.2262432921871026,0.23117866907849527,0.08265950184654537,0.6122261117771549,0.330078125,0.23486328125,1.5882522090409594,1.2747937671382226,0.9108850737254797,2.6446760830988314,2.522545079523501,1.625099148734466,222,0.1,-0.4814123810428797,0.0,development,-0.1034760601873598
0.4822062438916571,2.947706337693389,0.9008435419393628,0.8820736296761293,1.0212793032596668,0.018769912263233435,0.23300196250239316,0.11285005944133797,0.6100027611130101,0.347900390625,0.224609375,1.5851065709375942,1.280511010479334,0.9115019840844945,2.677773795208036,2.5125628412295526,1.6397084479588104,222,0.15,-0.3167629592951421,0.0061786577448989894,development,0.005709720014116154
0.4763057887418376,2.953985935334493,1.1479360231158466,0.9218995038077621,1.2451856394048115,0.22603651930808455,0.23476470047220746,0.14044861533492864,0.605739212940025,0.369140625,0.20751953125,1.5901996521457118,1.2889772437366815,0.9124748318158669,2.721955029849764,2.528734933684357,1.6614623348710178,222,0.2,-0.16110775817589346,0.06922591738363024,development,0.11104285627238783
0.4703830364306091,2.969688229111014,1.3691968994080779,0.9734984949326658,1.40647048406868,0.39569840447541205,0.2364710102101266,0.16647928337240336,0.6022124813260676,0.384033203125,0.19287109375,1.5978441969711132,1.2993114391681038,0.913736981655131,2.7755215679750864,2.553106077794276,1.688210215953094,222,0.25,-0.016673016068892144,0.1539124252584767,development,0.21139894252006627
0.4644210122515351,2.9929458419915766,1.5639064324853145,1.0355375222274943,1.5102363737832227,0.5283689102578202,0.23812629201249397,0.1922108737137982,0.5972954543544948,0.399658203125,0.177734375,1.6065527569824698,1.310611063634083,0.9152197941443261,2.83672094401302,2.581011760967989,1.7177013601200681,222,0.3,0.11446441608569727,0.24400689235276118,development,0.30073040186087574
0.45840643733228975,3.0219354237359233,1.731823900119539,1.1066221598522208,1.5649640527267303,0.6252017402673182,0.2397367051155504,0.21661586308415962,0.5906067539465818,0.41650390625,0.164794921875,1.6184989426720218,1.322053434244478,0.916857019773795,2.9038195405578255,2.6195388274304676,1.7478252829976242,222,0.35,0.2933024594201242,0.35019988081335207,development,0.35936825946366857
0.4523296130070277,3.054905326036666,1.8731800769717422,1.185270252799822,1.580382256744361,0.6879098241719201,0.24130870433327978,0.23949102580976134,0.5829039131206482,0.427734375,0.156982421875,1.629957456287218,1.3329619241262185,0.9185880570084408,2.9751606660049643,2.656761309306314,1.7767874911702757,222,0.4,0.4358356610538066,0.45223095087085724,development,0.3927322557256093
0.4461842495689985,3.090203215307124,1.9886500684865513,1.269904750410726,1.5659836439255475,0.7187453180758254,0.24284867140614183,0.258602577079288,0.5767842256162756,0.436767578125,0.14404296875,1.6356376730120334,1.3428400023782194,0.9203599916945294,3.0492069016188834,2.6753105973762352,1.8032192719871418,222,0.45,0.5431859650298028,0.5431859650298028,development,0.44391344992583825
0.43996724136119936,3.126301842384383,2.0793132871897915,1.358866554289329,1.5301821070114183,0.7204467329004625,0.2443626606958754,0.2745549450869714,0.5725196027772722,0.447998046875,0.14013671875,1.6410877016896652,1.3513801036053015,0.9221285387784626,3.1245686330112146,2.6931688446370825,1.8262281844202801,222,0.5,0.616949348851409,0.616949348851409,development,0.45056898284068425
0.43367839345859327,3.161821444886725,2.1466040572971736,1.4504460288537013,1.4799613460927266,0.6961580284434723,0.24585625818498805,0.28804901628874424,0.5678900558300108,0.451904296875,0.1357421875,1.650316411055626,1.3584526307863793,0.9238581166317933,3.2000215353743826,2.723544256599537,1.8453935500904404,222,0.55,0.6592004070271882,0.6592004070271882,development,0.45516251775576533
0.42732010799028436,3.1955475192705336,2.1922548107132753,1.5429294128186177,1.4208393413853408,0.6493253978946576,0.2473345375006131,0.2991337327073792,0.5653716783707998,0.462646484375,0.126708984375,1.65638220618233,1.3640781251086935,0.9255213157852498,3.274515577668499,2.743602012957458,1.8607091314000543,222,0.6,0.6724584124706424,0.6724584124706424,development,0.46918683414895956
0.42089704037282916,3.226443009984316,2.218232580237392,1.6346542065818659,1.3570041733020797,0.583578373655526,0.24880208765365763,0.307393503998349,0.5633397374349584,0.47705078125,0.124755859375,1.6638003022016221,1.3683871557723832,0.9270980031754064,3.3471773843825505,2.7682314456062245,1.8724834080828379,222,0.65,0.6596228487226897,0.6596228487226897,development,0.441340324913686
0.4144157372862699,3.253654314074357,2.226668861370349,1.7240661574804899,1.2915217039143967,0.5026027038898591,0.2502630841203525,0.3135613450647727,0.5624550246671627,0.48095703125,0.123046875,1.6704465428501132,1.3715748464498803,0.928574255239432,3.4173069693662335,2.79039165251991,1.8812175594140181,222,0.7,0.6238859546316455,0.6238859546316455,development,0.4280175025122144
0.40788426903617647,3.276510900826352,2.219783933018209,1.8097702610221114,1.2265556467728298,0.4100136719960976,0.25172137670966205,0.31725091742450984,0.5616062917693185,0.486083984375,0.122802734375,1.678771409926605,1.3738566811042143,0.9299412584220919,3.484369314057302,2.8182734467869754,1.8874821802146922,222,0.75,0.5686295232953218,0.5686295232953218,development,0.398935690116599
0.40131186888979153,3.2945188115076105,2.1998092646115897,1.890569563228645,1.1635695969075248,0.30923970138294465,0.25318057275436295,0.3176061446766484,0.5620453073341546,0.487548828125,0.121337890625,1.6846697119232128,1.375431284811791,0.9311942666561182,3.547981220112865,2.8381120382714564,1.8918112192390193,222,0.8,0.49731359002172915,0.49731359002172915,development,0.37758775999541305
0.3947085909464333,3.307348800362644,2.168914159678156,1.9654882449903142,1.1034989220649571,0.20342591468784188,0.2546441008223716,0.31693337705404306,0.5642890715924815,0.486083984375,0.12646484375,1.6890614041377732,1.3764560920779692,0.9323316675385053,3.6078942630926014,2.8529284269478814,1.8946313734185596,222,0.85,0.4133652309726977,0.4133652309726977,development,0.34220107621180884
0.3880849961265916,3.3148203107268435,2.1291435767248963,2.033778683364167,1.0468904970539774,0.0953648933607294,0.2561152469193049,0.31458571275321867,0.5651493326472243,0.4873046875,0.127685546875,1.6934684162152633,1.377040107447184,0.9333541822445461,3.6639752176438964,2.867835276718648,1.8962394575181578,222,0.9,0.3200756601672637,0.3200756601672637,development,0.30727616027985993
0.38145187317985024,3.3168827398300644,2.0823724651427096,2.09491491268444,0.9940129083688375,-0.012542447541730617,0.2575971610816814,0.3112182673137386,0.5668704886191328,0.48388671875,0.129150390625,1.6965295920408536,1.3772518486469874,0.9342642061495845,3.7161856775192392,2.8782126566703203,1.8968226546015494,222,0.95,0.22051269000217733,0.22353041081246647,development,0.28129372113201345
0.37481999863999144,3.3135954694193455,2.0302786412913303,2.1485764275219372,0.9449413180209532,-0.11829778623060694,0.25909283688213336,0.3077046045315654,0.5676691447866494,0.47998046875,0.129150390625,1.697870431378527,1.3771340480614025,0.9350652849135979,3.7645625529866473,2.88276400174952,1.8964981863299903,222,1.0,0.11745348513148114,0.1483867081407755,development,0.2592029034073299
0.3681999368661862,3.3051079428884105,1.9743326430421817,2.1946264139957155,0.8996212888222516,-0.22029377095353375,0.26060506958295687,0.3031761444819154,0.5678189100782776,0.475341796875,0.12939453125,1.6979289540790903,1.3767161256368132,0.9357617125972574,3.8092006998779353,2.8829627331001286,1.8953472905884432,222,1.05,0.01333984496684501,0.09166864653990475,development,0.2328769900068363
0.36160187906725794,3.2916407362392057,1.9158004658572798,2.233087618904656,0.8579154931668076,-0.317287153047376,0.262136400562326,0.29756247864331353,0.568418392025161,0.470458984375,0.131103515625,1.6979383282695166,1.3760213494712257,0.9363582333779606,3.850238288821889,2.882994566606697,1.8934347542006182,222,1.1,-0.08974442757887555,0.05072526079392046,development,0.20106086547495208
0.35503551867742916,3.273468208177219,1.8557542426884917,2.2641177812798285,0.8196367954141931,-0.4083635385913369,0.26368905633899997,0.29047986997740927,0.5693018696550527,0.4658203125,0.13427734375,1.6975087958788642,1.3750718631689356,0.9368598263065103,3.8878448876674563,2.881536112086127,1.8908226288788934,222,1.15,-0.19007666833279013,0.0231827110443803,development,0.1610297638635448
0.348509959598385,3.250903013447378,1.7950866401268053,2.287985430708641,0.7845708351258278,-0.49289879058183583,0.26526489020376565,0.28315811854959394,0.5690664454043681,0.4560546875,0.135986328125,1.6973447878629127,1.3738956288421014,0.9372715530108588,3.9222117876451583,2.8809793288854117,1.8875891989514382,222,1.2,-0.28628291588512067,0.006910857112741449,development,0.1299224486724098
0.3420336534691971,3.224282567607997,1.7345263311703696,2.3050462306057846,0.7524909080519926,-0.570519899435415,0.26686533333998724,0.27626447608232024,0.5689873930818892,0.44873046875,0.138671875,1.6965752168489348,1.3725351031671764,0.9375984507897085,3.9535439359424,2.878367466426026,1.8838526094261376,222,1.25,-0.37731420716093483,0.0,development,0.09469389414061644
0.33561436205815365,3.193957457474681,1.6746535607885262,2.3157199494117937,0.7231675666195724,-0.6410663886232675,0.26849136064734536,0.2690641419539095,0.5696199970780973,0.447998046875,0.13916015625,1.6944023971163897,1.3710531213340469,0.9378454573496184,3.982052919842535,2.8709994833537844,1.8797866615198386,222,1.3,-0.4624155626943357,0.0,development,0.06145881986809429
0.3292591409171997,3.160281763553794,1.6159159335644613,2.3204683975539417,0.6963748936498488,-0.7045524639894805,0.27014347456797916,0.2613883032627895,0.5709921505948283,0.43896484375,0.145263671875,1.6925914090835412,1.3695312208878052,0.938017357600766,4.0079506837303684,2.8648656781034236,1.8756157649864482,222,1.35,-0.5410908387140753,0.0,development,0.02218757748976327
0.32297434051437657,3.1236052532480034,1.558644885100931,2.3197750063835336,0.6718948522213868,-0.7611301212826027,0.2718217083226642,0.25285490133113736,0.5724435339644534,0.431884765625,0.1474609375,1.6935818647242662,1.368059449988927,0.938118746600476,4.031443929329624,2.86821953252294,1.8715866587040106,222,1.4,-0.6130657637363123,0.0,development,-0.007732221164655356
0.31676562115998286,3.0842673811683152,1.5030729778353846,2.3141269192712777,0.6495205450134536,-0.811053941435893,0.27352564828469206,0.2458883481168658,0.5747271152773527,0.4287109375,0.149169921875,1.6942227194459503,1.3667212922774328,0.9381540053553827,4.052729350210089,2.870390623086849,1.8679270907645016,222,1.45,-0.678250799261739,0.0,development,-0.031777751269358584
0.31063797821580597,3.0425929817555204,1.449351540332892,2.3040003999718666,0.6290587190655824,-0.8546488596389745,0.275254473833053,0.238178698101652,0.5769267354369508,0.418701171875,0.155517578125,1.695289047737809,1.3655795029824729,0.9381272875703984,4.071989928749961,2.8740049553797853,1.8648073789658632,222,1.5,-0.7367050692376843,0.0,development,-0.06515043581928151
0.30459577437621616,2.9988894676464395,1.3975676356548794,2.2898500518410256,0.6103315081837972,-0.8922824161861462,0.2770070119288944,0.23244461694329258,0.578775233517562,0.419921875,0.154541015625,1.693833457629822,1.3646675326255113,0.9380425157329956,4.089392474557976,2.8690717821862166,1.8623174746022069,222,1.55,-0.7886024415984534,0.0,development,-0.08088810600898391
0.29864277625605223,2.9534452765760433,1.3477591647580351,2.272101888937355,0.5931772564074457,-0.9243427241793198,0.27878180280565734,0.22879804039659724,0.5802688610046608,0.414794921875,0.158935546875,1.6915288792149439,1.3639881812703227,0.9379033845602636,4.10508644621,2.8612699492181823,1.8604637586451287,222,1.6,-0.8342007788019756,0.0,development,-0.1008710105643972
0.29278219308635123,2.906529263878834,1.2999271525816103,2.25114984720588,0.5774502990971817,-0.9512226946242697,0.2805771725235115,0.22610539323922402,0.5807049351494092,0.417236328125,0.15673828125,1.6896869102883505,1.3635181938568774,0.9377133693129291,4.119203931535572,2.8550418547998113,1.8591818649787273,222,1.65,-0.8738152567038758,0.0,development,-0.10824441435603108
0.2870167159375635,2.858390732506887,1.2540448141579932,2.2273549918076143,0.5630197336169888,-0.9733101776496211,0.2823913077285094,0.22670358266909896,0.5800187607080707,0.412841796875,0.158203125,1.6884202707006737,1.3632159457306137,0.9374757362159372,4.131860522003873,2.850763010512955,1.8583577146942174,222,1.7,-0.9077963936035901,0.0,development,-0.11270820943484341
0.28134855647506485,2.809259830234586,1.2100636428311633,2.2010465315701024,0.5497674063110207,-0.9909828887389391,0.2842223278369619,0.2259225699160451,0.5800612142726566,0.4130859375,0.1572265625,1.6876445459720444,1.363029328295671,0.9371935524529812,4.1431567418973,2.848144113549208,1.8578489497941537,222,1.75,-0.9365130300782475,0.0,development,-0.11585880737655044
0.27577948472634495,2.7593481139210883,1.1679172889971614,2.172523796452386,0.5375854989042271,-1.0046065074552244,0.28606835011137116,0.22376038628327666,0.5805662617713052,0.41748046875,0.154541015625,1.6842447696423437,1.362901895357117,0.9368696939367278,4.153179695290567,2.836680444067611,1.8575015763680278,222,1.8,-0.9603400253459518,0.0,development,-0.1196225802310931
0.2703108656558346,2.708849165056505,1.1275242665301723,2.1420585215212378,0.5263741654123586,-1.0145342549910654,0.28792754375360863,0.2205167732240543,0.5813337084488754,0.410400390625,0.159423828125,1.6815104950171302,1.3627766270900414,0.9365068501316981,4.162004662360332,2.827477544852774,1.857160135342916,222,1.85,-0.9796499945639628,0.0,development,-0.13683761761465255
0.2649436944935182,2.6579392197709724,1.0887905001028655,2.1098970383065545,0.5160396362169173,-1.021106538203689,0.28979817019803755,0.21533824820345027,0.5836468792305854,0.410400390625,0.15869140625,1.679163611455386,1.3625978329615422,0.9361075263614286,4.169696485095623,2.819590434035915,1.8566728543914972,222,1.9,-0.9948081046508346,0.0,development,-0.14256811296610797
0.2596786307743494,2.6067778348630366,1.0516124653229013,2.076262228456196,0.5064930869087896,-1.0246497631332947,0.29167860814796626,0.21197104655469173,0.5835620743047222,0.404052734375,0.161865234375,1.6771373952577517,1.3623124389387968,0.9356740450012502,4.176310700070026,2.8127898425719766,1.8558951812873794,222,1.95,-1.006168835204427,0.0,development,-0.15812513365183137
0.25451603096725106,2.555508641526038,1.0158812816539704,2.041355290531151,0.4976504023411049,-1.0254740088771805,0.2935673634020783,0.21162574976873127,0.5823834894600066,0.39990234375,0.16259765625,1.6758864013045611,1.3618720050377215,0.9352085475473663,4.181894475515346,2.808595230077574,1.85469535810547,222,2.0,-1.0140737028454092,0.0,development,-0.16267397972271871
0.5,2.673411873527515,0.23552550762729668,0.726005127872954,0.32441300837273435,-0.49047962024565733,0.34075240486371383,0.03544118062591538,0.6154106177164742,0.300537109375,0.259521484375,1.5661938217226665,1.2997424916526967,0.8669884121301776,2.55725727669322,2.4529630872022685,1.6893305446075662,223,0.0,-0.49047962024565733,0.0,development,-0.15954784689068827
0.49467354094344357,2.654455943199369,0.4547520609033851,0.7266789781541827,0.6257949859214151,-0.2719269172507976,0.3406548858429569,0.06721061946535163,0.6132764063418787,0.32177734375,0.24560546875,1.5631086436390718,1.3045383787086535,0.8679182805039153,2.565797516616548,2.443308631819195,1.7018203815238078,223,0.05,-0.3703119139345468,0.0,development,-0.030917457081078986
0.4893744883603178,2.6458018313747544,0.6599512581669587,0.7382541007906641,0.8939351064357871,-0.07830284262370546,0.34050774275875884,0.09809378379957684,0.609170180992548,0.33544921875,0.227294921875,1.5675697003851834,1.31025734930087,0.8693630268330482,2.585287981385679,2.4572747655657103,1.7167743213969475,223,0.1,-0.25299447251678664,0.0,development,0.10256870818620398
0.48408346691929377,2.6462249011306387,0.8511155223683486,0.7598959222995123,1.1200422286683651,0.09121960006883634,0.3403498424279145,0.12673535743688144,0.6036212881656979,0.351318359375,0.208251953125,1.5780522162807853,1.3166647502144866,0.8712373217609912,2.6147836634611115,2.490248797308715,1.7336060644573823,223,0.15,-0.13968648707402423,0.030027561159990838,development,0.21112211913660847
0.47878351481271664,2.654534240430511,1.028080022809025,0.7909060347896011,1.2998763160057536,0.2371739880194239,0.3402163277902895,0.15407198853447174,0.5999178423182558,0.370849609375,0.1943359375,1.5890854939317687,1.3235840824347442,0.8734530752631242,2.653279349566749,2.5251927070243902,1.7518748232746295,223,0.2,-0.031616572940142876,0.08942964241642468,development,0.2945410896544164
0.4734600295702602,2.6695601366790944,1.1905359168451335,0.8306430294801459,1.4332702190858386,0.3598928873649876,0.34013815022648297,0.17992140140114857,0.5965011599633417,0.384765625,0.18505859375,1.603827746494857,1.3308649258837126,0.8759234584564798,2.699714438181209,2.5722634404267883,1.7712014509474658,223,0.25,0.06994043509001996,0.1595874309860746,development,0.3584746799238826
0.4681007337501598,2.6901469893617014,1.3380853429603792,0.8784556745702112,1.5232246562867775,0.45962966839016794,0.34014174853583423,0.20518574129306066,0.5916617781944277,0.401611328125,0.16845703125,1.623106028009998,1.3383596113272307,0.8785662414309311,2.752981900648447,2.6344731781624104,1.791206449231982,223,0.3,0.16369991105855258,0.23177778304993588,development,0.4313576370075397
0.4626956484902157,2.7151526254079297,1.4703223270871397,0.9336331271016861,1.5748395000202262,0.5366891999854536,0.3402488790153996,0.22907432243191858,0.5882085481552551,0.419189453125,0.161376953125,1.6434404700530214,1.3459189732410637,0.8813063633332758,2.8119444036481736,2.7008965786081136,1.811497882530285,223,0.35,0.29225474778862015,0.31889135977790084,development,0.46584447729813794
0.45723706201232184,2.7434539396876714,1.5869213553234762,0.9953745180690902,1.5942957414681638,0.5915468372543861,0.3404765932737751,0.24917046382466368,0.5868993916389073,0.44189453125,0.15625,1.661069082737181,1.3534023820048542,0.8840777060237419,2.875457494365039,2.7591504976253574,1.831698007616419,223,0.4,0.39773829362791846,0.4034127062741633,development,0.4826814328762117
0.45171948131953543,2.773957819197634,1.687715955198267,1.0627776986731718,1.5880234947584064,0.6249382565250952,0.34083735171812446,0.266085649574921,0.5848774123422659,0.455322265625,0.146484375,1.6764317350676943,1.3606886714589348,0.8868240948146812,2.9423972531299585,2.8104233623420978,1.8514736606366868,223,0.45,0.4806469285352261,0.4806469285352261,development,0.5183093484670162
0.44613955819080325,2.8056155782620325,1.7727533336107169,1.134844522586789,1.5621111952585935,0.6379088110239279,0.34133925312948465,0.2804261996733213,0.5844341063516637,0.46484375,0.142822265625,1.6912169385741802,1.3676788419640702,0.8894995977012519,3.0116884361430847,2.8602147333202406,1.870545414756186,223,0.5,0.541589499851178,0.541589499851178,development,0.5342381637739341
0.44049598455821243,2.837438769792084,1.842317790287869,1.2104982749812956,1.5219499509954577,0.6318195153065733,0.34198635626394835,0.2941878515008462,0.5811878210792387,0.4775390625,0.13720703125,1.7046315237167449,1.3742923445427253,0.8920682341924878,3.0823290417086655,2.9057686316488893,1.8886794482687472,223,0.55,0.5813602927061833,0.5813602927061833,development,0.5378303891667874
0.43478935661639906,2.8685143192662474,1.8969239033848346,1.2886082329832707,1.472071848395106,0.608315670401564,0.34277906881423886,0.3049140092548819,0.5779447652296678,0.484619140625,0.133544921875,1.71584638990081,1.3804643177392542,0.8945032324019441,3.1534083022856727,2.9441288337356606,1.9056817325513107,223,0.6,0.6009857416214963,0.6009857416214963,development,0.5328026466689115
0.42902201069572465,2.8980174102764718,1.9372877993222022,1.36801700974266,1.4161284439633017,0.5692707895795421,0.34371458178112857,0.3123679080730652,0.5753709501211537,0.488525390625,0.131103515625,1.7288908986631994,1.3861469601642529,0.8967859854449997,3.224116891247155,2.9890637394804638,1.9214033951726048,223,0.65,0.6017419557733771,0.6017419557733771,development,0.5196230190697678
0.4231978363842559,2.9252212583514567,1.9642885424351009,1.4475679370852905,1.3569577579828402,0.5167206053498103,0.3447873316795073,0.3166563528750674,0.5742021321393962,0.490966796875,0.131103515625,1.7433362084207664,1.3913111646857304,0.8989048539998759,3.2937500020522643,3.0392211355909113,1.9357467569791695,223,0.7,0.5851454352241746,0.5851454352241746,development,0.4955785872411965
0.4173220734002886,2.949503596230193,1.978930606803869,1.5261315236731787,1.2966972872959652,0.4527990831306903,0.3459894770342278,0.31879723344681093,0.5724658791924669,0.488037109375,0.130615234375,1.7598214385808264,1.3959433005326591,0.9008539421754235,3.3617052973853743,3.0969714956887078,1.9486576983020196,223,0.75,0.552923015164247,0.552923015164247,development,0.47337855412192953
0.4114010985682248,2.970350145322657,1.9823134677051084,1.6026311944230651,1.236911820138835,0.3796822732820433,0.3473113778170185,0.3190408757371989,0.5701471802077326,0.48681640625,0.126708984375,1.7754545397289827,1.4000372476668057,0.9026319425799687,3.4274781774253706,3.1522388226442724,1.9601042948544511,223,0.8,0.5069684190663326,0.5069684190663326,development,0.4547344886020005
0.4054422085202337,2.9873554761119117,1.975608155112503,1.6760686339957829,1.1787155460350163,0.2995395211167202,0.34874206644271966,0.31770608278914975,0.5690839808133301,0.482421875,0.127197265625,1.7864871576651111,1.403586866294573,0.9042411100089637,3.4906563868140292,3.1915363645023858,1.9700560912346252,223,0.85,0.4492920201743116,0.4492920201743116,development,0.4259597462204249
0.39945340304243393,3.0002215270786614,1.9600360133711259,1.7455482322567373,1.1228770292053674,0.2144877811143886,0.35026969743389896,0.3140161650732094,0.5682824646519258,0.4775390625,0.12890625,1.793830356473316,1.406583590331097,0.9056863884533177,3.5509149933452266,3.217827347805202,1.9784773965887255,223,0.9,0.38196836259543443,0.38196836259543443,development,0.38751949900583893
0.3934431736741926,3.0087538232909794,1.9368437196069452,1.8102989307604715,1.0699027031924029,0.1265447888464737,0.3518819613412952,0.30800379939713485,0.5696498926339538,0.478271484375,0.13037109375,1.797990369391704,1.4090189794380152,0.9069746889298164,3.60801169916019,3.2327693684253362,1.9853344844165526,223,0.95,0.30708378985386975,0.30708378985386975,development,0.34415033725243094
0.3874203022569037,3.012855292742344,1.9072709259455618,1.869690920941507,1.020099581477954,0.037580005004054895,0.35356644847408525,0.30097549318742856,0.5716790019429397,0.47509765625,0.13232421875,1.8003788020672014,1.4108882966443594,0.9081142990997264,3.6617817070285796,3.24136383093295,1.990605785608028,223,1.0,0.2266850908408019,0.2266850908408019,development,0.3057427241691901
0.38139367431433063,3.0125176333502504,1.872511293870513,1.9232446816335946,0.9736209395260156,-0.05073338776308156,0.3553109503916208,0.2945570455848513,0.5723415562119423,0.467041015625,0.13427734375,1.804499029497164,1.4121920218762134,0.9091143999111478,3.712131185567286,3.256216747456226,1.9942863066508338,223,1.05,0.14272982053992464,0.15493630571913192,development,0.2728572942578186
0.3753721120123873,3.007810439299722,1.8336720531149635,1.9706308826606407,0.9305000085248016,-0.13695882954567717,0.35710369202175635,0.2881629966862882,0.5724937118404317,0.4580078125,0.13671875,1.810786312022791,1.4129361267165974,0.909984667206007,3.7590287428421454,3.2789470678091206,1.9963884981809075,223,1.1,0.057039715515050986,0.09998592131867406,development,0.23975309115725327
0.3693642306728891,2.9988686562896136,1.7917396417838742,2.011661395108449,0.890676555279464,-0.21992175332457498,0.35893349396025237,0.2820891637005371,0.5739451918085992,0.455322265625,0.143310546875,1.818955863123995,1.4131345282764465,0.910734943556782,3.802495016763205,3.308600431993178,1.9969491950071006,223,1.15,-0.0287402190001259,0.05933447334605877,development,0.1901483117329079
0.36337832133547865,2.98587925619843,1.7475585125140913,2.0462734287017255,0.8540200385746316,-0.2987149161876341,0.36078987168036264,0.2766907459126605,0.5746032071178471,0.451904296875,0.138427734375,1.8298579151132737,1.4128156726193315,0.9113749735042667,3.842591218406635,3.348379989502717,1.9960481247988202,223,1.2,-0.11317359367638796,0.030806863255108653,development,0.18795646526710882
0.35742225989278675,2.9690681721441288,1.7018270756463532,2.0745100368227627,0.8203513337794229,-0.37268296117640953,0.36266308457643537,0.27295798101429714,0.5726383008458323,0.447021484375,0.13525390625,1.8421006157735713,1.412030963181961,0.9119142006807478,3.8794079392949916,3.3933346786333916,1.9938314409845825,223,1.25,-0.19505231494012304,0.012496669132836698,development,0.17799054070919693
0.35150344128585165,2.9486884500749913,1.6551102454805784,2.0965004961658837,0.7894633216197527,-0.44139025068530535,0.36454415170801374,0.2699883041169587,0.5717698917260197,0.4462890625,0.133544921875,1.8496201557519605,1.4108595677963525,0.9123616264259937,3.913055590330724,3.421094720563927,1.9905247200425167,223,1.3,-0.2734021797935842,0.002723329683773115,development,0.16305730757880385
0.3456287356028632,2.9250102750480957,1.6078638420973834,2.1124433531746667,0.7611393885100017,-0.5045795110772833,0.36642485201475117,0.26739258337414085,0.5716853466227937,0.449462890625,0.136474609375,1.8504980176429522,1.4094048574484477,0.9127257266328033,3.943657472947256,3.4243429133005177,1.9864220521992857,223,1.35,-0.3474745957758903,0.0,development,0.1266489046846416
0.339804462014888,2.898313114456363,1.560463617513611,2.122593550569464,0.7351683590553449,-0.5621299330558529,0.3682977245118925,0.26334588514209284,0.5724552874506218,0.441650390625,0.1396484375,1.845724587028029,1.4077819675183585,0.9130144183625166,3.9713458317898307,3.4066992511598095,1.9818500680698667,223,1.4,-0.4167268726694177,0.0,development,0.1037273971350143
0.33403637641629497,2.8688798147830736,1.513231597980465,2.1272535148819443,0.7113546116596472,-0.6140219169014793,0.37015607911348786,0.2600538375201934,0.5737056184550835,0.441162109375,0.1396484375,1.8359936515010216,1.4061007424203165,0.9132350626388096,3.99626052511415,3.3708726883520765,1.9771192978349716,223,1.45,-0.4807952106884165,0.0,development,0.08511500814946424
0.3283296692756519,2.8369922054882695,1.4664545092754915,2.1267668967579483,0.689522914575622,-0.6603123874824568,0.37199402237857165,0.2585428058656605,0.5750407198616734,0.440185546875,0.144287109375,1.8257180194435867,1.4044505544672352,0.9133944869510632,4.01854939452055,3.333246286521035,1.9724813599433308,223,1.5,-0.5394651406082147,0.0,development,0.05699920541294609
0.3226889712289772,2.8029276628157884,1.4203923042877182,2.1215131197222927,0.6695185106720661,-0.7011208154345745,0.3738064960206301,0.25727404383949437,0.5749884208709687,0.437255859375,0.15087890625,1.814490800638616,1.4028921390337747,0.9134990116021536,4.038369164589828,3.2923768656021877,1.9681063537627665,223,1.55,-0.5926436425684434,0.0,development,0.020121057375061896
0.3171183649930708,2.766956160783378,1.3752780104596654,2.1119010556341062,0.651203808431609,-0.7366230451744409,0.3755893207802837,0.25544183514681584,0.5733525383340562,0.437255859375,0.148193359375,1.8025315713378434,1.4014579271064354,0.9135544680348264,4.0558857875858445,3.2491200656696964,1.9640843214494725,223,1.6,-0.640335749862932,0.0,development,0.00691103930535461
0.3116214029453123,2.7293375258226815,1.3313122610512358,2.0983608194975205,0.6344534498933485,-0.7670485584462847,0.3773392351769365,0.25098885843752927,0.5727653414189275,0.4267578125,0.149658203125,1.7919776007199402,1.4001586541151607,0.9135662034316778,4.071273495245524,3.2111837214820156,1.9604442566935845,223,1.65,-0.6826266438396152,0.0,development,-0.007871108257285514
0.30620113006179067,2.690318830958819,1.2886565207883784,2.081333552610129,0.6191494482815205,-0.7926770318217506,0.37905391811046385,0.2464359893796534,0.5733148948296893,0.42578125,0.15087890625,1.781479554904581,1.3989920182734434,0.9135390723716152,4.084712291696293,3.173669404543046,1.9571786671928093,223,1.7,-0.7196686198489698,0.0,development,-0.030385996012831956
0.3008601118471632,2.650132039299092,1.2474283115804488,2.0612598368693877,0.6051776148100888,-0.813831525288939,0.38073198608546266,0.2427599265064381,0.5734262718009474,0.42138671875,0.149658203125,1.7746312067825312,1.3979493500987035,0.9134774213881122,4.0963840727368614,3.1493159200864453,1.9542623854413939,223,1.75,-0.7516712629983571,0.0,development,-0.03550277793259107
0.29560046656891,2.6089920909294224,1.20770024657435,2.0385678526791935,0.5924258272723798,-0.8308676061048434,0.3823729593362295,0.2409519068408955,0.5729276166543801,0.419189453125,0.146484375,1.7708453305029956,1.397018109960521,0.9133850747940155,4.106467878063025,3.135893184564287,1.9516595995576727,223,1.8,-0.7788928796459672,0.0,development,-0.0319878806967262
0.2904239007162872,2.5670956168467196,1.1695030673441047,2.0136624969164374,0.5807840535020088,-0.8441594295723327,0.3839771954630338,0.23841808872817655,0.5738021724577989,0.42138671875,0.1513671875,1.771910106145014,1.3961805595664953,0.9132653298833981,4.115134925785188,3.1396654242588578,1.9493201549114187,223,1.85,-0.8016315977221453,0.0,development,-0.06183658022947444
0.28533174630821034,2.5246203840037458,1.1328316813890145,1.9869164755778081,0.5701455976198394,-0.8540847941887937,0.38554579346178847,0.23610891346954999,0.5748092939977191,0.41796875,0.150634765625,1.7747334601446456,1.3954111069812607,0.9131209671700284,4.1225440530174025,3.14967885455701,1.9471721574866743,223,1.9,-0.8202153139308601,0.0,development,-0.05910888848929624
0.2803249985731078,2.4817254674320406,1.097652661866912,1.9586640056759186,0.5604088596543751,-0.8610113438090066,0.3870804745208515,0.2337867965720314,0.5766796453208434,0.41552734375,0.1533203125,1.7732119302327582,1.3946757205323985,0.9129542777408107,4.128838042681796,3.1442805495198085,1.9451203654425717,223,1.95,-0.8349905096385747,0.0,development,-0.06717954812695096
0.2754043526344572,2.4385520473363274,1.0639117588612987,1.9291973395553865,0.5514789685053649,-0.8652855806940878,0.38858344822233554,0.23073111568313476,0.5780639336715798,0.41259765625,0.1552734375,1.7732165963478177,1.393935966079215,0.9127671062405801,4.134141119679367,3.1442970975633626,1.9430574775292013,223,2.0,-0.8463106129887055,0.0,development,-0.07580260568493716
0.5000000000000001,2.9083716261495782,-0.05515147776075932,0.8101623389446823,-0.06807460074310497,-0.8653138167054416,0.2670891866534734,0.011728903822696186,0.6019653751926994,0.276123046875,0.26708984375,1.691371297469107,1.322340495101572,0.8913143801631701,2.600158629677568,2.860736865902348,1.748584384985476,224,0.0,-0.8653138167054416,0.0,development,-0.3764860899573984
0.49422129618702443,2.8722349395445734,0.21833978372900775,0.8034919536421833,0.27173860639087416,-0.5851521699131755,0.26695618668604154,0.04624622924274425,0.6024297895869111,0.299072265625,0.24755859375,1.6876896860872674,1.319209609954744,0.8921525151770286,2.603445859406619,2.848296476525357,1.7403139949969526,224,0.05,-0.7112714185560035,0.0,development,-0.22420646581864925
0.4885013694233299,2.849347694945889,0.4750372805549943,0.8103745563209498,0.5861947131109768,-0.3353372757659555,0.266661615233694,0.07947171405277312,0.6018560134985471,0.322509765625,0.22998046875,1.68165005926299,1.3185596066691077,0.8935434618777804,2.619059956710057,2.827946921819236,1.7385994363393973,224,0.1,-0.5602362757923754,0.0,development,-0.08852812700818072
0.4828152276387379,2.8382015880802522,0.7141117935452532,0.8296649926174864,0.8607230628019176,-0.11555319907223316,0.2662490040378032,0.11255747284521682,0.6003966040591994,0.34130859375,0.21630859375,1.677105456998851,1.3202600426800741,0.8954015951315398,2.646025343173491,2.812682713895343,1.7430865802975972,224,0.15,-0.4138560211875463,0.0,development,0.034047701716520024
0.4771408854170139,2.837296556965723,0.9346145658254748,0.8603748305117662,1.0862876651907047,0.07423973531370853,0.26576145080361496,0.14376215848777615,0.5975291948679143,0.36083984375,0.197998046875,1.6741598566550218,1.3239962972664279,0.8976328419018589,2.6832202450172025,2.8028112256351805,1.752966195175217,224,0.2,-0.27388786326086867,0.02128926313826123,development,0.15936869615849045
0.4714593584822121,2.845131310685299,1.135544037335083,0.9015575938439429,1.259535769083259,0.23398644349114006,0.26524008366968826,0.17402778603306243,0.5929318655059427,0.3818359375,0.183837890625,1.6757280574707163,1.3293082160438514,0.9001407312476454,2.7293848386979294,2.8080645225945977,1.7670603332416923,224,0.25,-0.14214597633704143,0.07646261510849266,development,0.25143880262926654
0.46575466745637095,2.860203779260506,1.31596281955703,0.9522170155050235,1.3819988491374398,0.3637458040520066,0.26472268811980076,0.20204543605845682,0.5881601641285088,0.401123046875,0.171630859375,1.6801601456023199,1.3356528733514794,0.9028318969917632,2.7831435654066055,2.822938114870426,1.7839685980920688,224,0.3,-0.0204280940533096,0.145583132044013,development,0.3265680623825026
0.46001383031307597,2.8810218839410178,1.4751363316710528,1.0112477875356383,1.4587288593885466,0.4638885441354146,0.2642426013650201,0.22639409265014365,0.584919477566969,0.416259765625,0.16259765625,1.6813173022138528,1.3424853407979978,0.9056205745619839,2.843044353964476,2.826827870723685,1.8022668902575216,224,0.35,0.14622703586218005,0.2308052644124255,development,0.38944440573547634
0.4542268239887173,2.9061232403524264,1.61266398746382,1.0774120321968519,1.4967941133677383,0.5352519552669681,0.26382793986467706,0.2470819570561424,0.5798913741154279,0.4296875,0.15087890625,1.6859814905806638,1.3493345148613363,0.9084318107633631,2.9076113230116576,2.8425335865806143,1.8207036329960837,224,0.4,0.28322041907027545,0.3177493268732593,development,0.4402590403589405
0.4483864998478631,2.9341010401133136,1.728578552806504,1.1493488816277238,1.5039633138707782,0.5792296711787803,0.2635011829833107,0.2653370528773164,0.5760178550115991,0.441650390625,0.141357421875,1.6919455935431638,1.3558504312843722,0.9112033077159516,2.975403462019885,2.8626798915101452,1.838330392014024,224,0.45,0.3911403173496,0.39951417086703306,development,0.478717409487305
0.4424884440966556,2.963632577770905,1.8233974243257784,1.2256102053140325,1.4877466068900573,0.5977872190117459,0.26327909781317477,0.28074598357781305,0.5731561378199242,0.45556640625,0.139404296875,1.701296837506524,1.3618153992218984,0.9138860040659365,3.045070673322705,2.894410929309717,1.8545411815579045,224,0.5,0.47092252090962317,0.47092252090962317,development,0.4765039784332836
0.43653078156838265,2.993506731682201,1.898119075914889,1.304713008291359,1.4548173152658679,0.59340606762353,0.2631729617704653,0.29305857339182034,0.5715692934453016,0.4658203125,0.13818359375,1.7131832039455777,1.3671245562953978,0.916443624165807,3.115399907285823,2.934996690281251,1.869029552425894,224,0.55,0.5239278789683193,0.5239278789683193,development,0.47080399319966004
0.4305139283774606,3.0226471067733796,1.9541672759360296,1.3851982601259822,1.4107491556900311,0.5689690158100473,0.26318902201198197,0.30205173090042386,0.5688922647170437,0.47119140625,0.13232421875,1.7262535036335787,1.3717478518040975,0.9188514871032805,3.1853468148768864,2.9799511588072223,1.8816921689291617,224,0.6,0.5519674320482504,0.5519674320482504,development,0.4743183446287914
0.42444030474557976,3.0501283884182504,1.9932939455549854,1.4656867388590555,1.3599726958754084,0.5276072066959299,0.26332912289649557,0.30754437855757477,0.5671689863978017,0.478271484375,0.130615234375,1.7353170598177778,1.3756921409296141,0.9210948699865098,3.254051325201386,3.011325298094634,1.892528866615511,224,0.65,0.557273796387772,0.557273796387772,development,0.4529811225020519
0.41831402310886234,3.075184587097202,2.0174576981051944,1.5449246793045353,1.3058615252449557,0.4725330188006591,0.2635914326003908,0.3102866622429704,0.5676066427865922,0.47900390625,0.129150390625,1.7429646380982682,1.3789808537541735,0.9231671824892766,3.320838167754115,3.037925729661044,1.9015881950205946,224,0.7,0.5424257881095225,0.5424257881095225,development,0.44211923928049146
0.41214056802943533,3.09720907523263,2.0286978150921993,1.6218151746531542,1.2508810170222153,0.4068826404390451,0.2639712057067189,0.3089551338480703,0.5682177384869358,0.47900390625,0.129150390625,1.750696197137704,1.381652141390387,0.9250681522925381,3.385205270151209,3.0649371746724356,1.9089626398086477,224,0.75,0.5102396545052283,0.5102396545052283,development,0.4147687074622093
0.4059264835066172,3.115747398086062,2.0290216396516914,1.6954346466415169,1.1967560316588883,0.33358699301017447,0.2644615286480329,0.30632990244086966,0.5699494866971724,0.47705078125,0.13232421875,1.7554084407554555,1.3837626813435087,0.926802158967336,3.44680401567795,3.0814587938755165,1.9147991582789823,224,0.8,0.4636436391628465,0.4636436391628465,development,0.3802055251016381
0.39967908051687007,3.1304845682727227,2.020317445276635,1.7650363934591764,1.144632174590548,0.25528105181745864,0.26505400793869044,0.30610581518746904,0.5695728751783752,0.477783203125,0.13427734375,1.7579084761314505,1.3853902767919708,0.9283767962705883,3.5054154979827064,3.090242210454816,1.919306219029739,224,0.85,0.40555254443623084,0.40555254443623084,development,0.3456742134682853
0.39340617384757615,3.141228817518443,2.0042968386964963,1.8300446192655304,1.095217470435721,0.17425221943096592,0.2657393755752183,0.3060804560800121,0.5685783901493263,0.47802734375,0.1318359375,1.7622076410004073,1.3866383435764988,0.9298016945928568,3.560926270373179,3.1053757700002365,1.9227658958765814,224,0.9,0.33875593017119343,0.33875593017119343,development,0.3279329949356292
0.38711585344182253,3.1478936187041966,1.9824636354741632,1.8900423647425615,1.048899047161935,0.09242127073160167,0.26650799991075186,0.3031052831138012,0.5698356002669789,0.478271484375,0.1318359375,1.765863993455225,1.3876383072254745,0.9310875988012031,3.6133059382852655,3.1182756433816525,1.925540071679586,224,0.95,0.26582879400548715,0.26582879400548715,development,0.30244443435753415
0.38081629223759783,3.1504793732408407,1.9561022393937981,1.944755855648851,1.0058343486726058,0.01134638374494723,0.2673503018636012,0.29910736308773433,0.5692641980796191,0.471923828125,0.133056640625,1.7678436053420463,1.3885336247611582,0.9322456729542531,3.66258768079464,3.125271012948782,1.9280256270923668,224,1.0,0.18906848925288777,0.18906848925288777,development,0.27204400408350526
0.3745155901665377,3.149055695440242,1.926278446918161,1.9940366769315938,0.9660195668428233,-0.06775823001343273,0.2682570842043667,0.29454459547565826,0.5691657434432321,0.468017578125,0.13330078125,1.7702312976464936,1.3894378608126714,0.9332869919587298,3.708851779026003,3.1337188471672057,1.9305375690596984,224,1.05,0.11045747491235595,0.1267601479033789,development,0.24311800682831727
0.36822165248969096,3.1437448768186913,1.893848059636509,2.0378424456844124,0.9293397846566384,-0.14399438604790338,0.26921978552035164,0.2897704270733253,0.5703352695490087,0.469482421875,0.1328125,1.7718777238011465,1.3903862368999718,0.9342221792132439,3.7522116853637897,3.1395506681027494,1.9331738877608697,224,1.1,0.031648880492898185,0.07964152057210616,development,0.2148162358477882
0.361942099690493,3.1347069304642137,1.8594716215885811,2.076216506536651,0.895605836739241,-0.21674488494806976,0.27023067087929786,0.28676594947577533,0.5687280209694003,0.462158203125,0.135498046875,1.7733310889701601,1.391314681858868,0.9350611552549768,3.7928020847211936,3.144703151108111,1.9357565439560491,224,1.15,-0.046029223096500815,0.045412783644077394,development,0.18238286162565717
0.3556842054229189,3.1221265491857104,1.823635290162029,2.1092674444709827,0.8645822960679166,-0.2856321543089537,0.2712829694416426,0.28296240828182917,0.568390155059253,0.456787109375,0.135009765625,1.7734863730799775,1.3920848450125647,0.9358129713926326,3.8307686106647245,3.145253915500391,1.9379002157136618,224,1.2,-0.12155499593640698,0.022034664063611854,development,0.16324842992310512
0.3494548583851914,3.106202267451359,1.7866777642425096,2.137149558504171,0.8360097013954593,-0.3504717942616613,0.27237096668167204,0.27864624244660785,0.5684059960554092,0.44873046875,0.135986328125,1.7732437776574677,1.3925432055838902,0.9364857107974961,3.8662591645276563,3.1443934950009447,1.9391765794178624,224,1.25,-0.19418317429859866,0.007701831502489714,development,0.1435246287078483
0.3432605434921503,3.087138022755484,1.7488219360277328,2.1600455739684143,0.8096227029204826,-0.4112236379406815,0.2734900565649993,0.27530038116336225,0.568435389973896,0.44921875,0.13427734375,1.7739416162220063,1.3925841007903719,0.9370864454501099,3.8994169784890977,3.1468688577643626,1.9392904777741344,224,1.3,-0.2634078859112449,0.0008222442666721688,development,0.125083696608213
0.3371073374815048,3.0651371492582364,1.7102085809135528,2.178152687256848,0.7851646906660977,-0.4679441063432954,0.27463675756967976,0.27249880321292874,0.5669720873650552,0.439697265625,0.135986328125,1.7740338845283217,1.392189920668353,0.9376212402403566,3.9303756023609457,3.1471962234546647,1.9381927752105612,224,1.35,-0.3289209813769616,0.0,development,0.10498276328430664
0.3310009142211529,3.0403986377614562,1.670928763278226,2.1916726068946693,0.7623988902456224,-0.5207438436164433,0.2758086958990167,0.27127501198391063,0.5665492095394649,0.439453125,0.135009765625,1.7747563888152527,1.3914372603086858,0.93809519612474,3.959255905382245,3.1497602396405746,1.9360976493753475,224,1.4,-0.39056883121076486,0.0,development,0.09159839096663332
0.32494655550677853,3.013115313210183,1.631051905825825,2.2008057254580593,0.741115804524886,-0.5697538196322343,0.277004559343479,0.27000330136464123,0.5665293883255273,0.439697265625,0.13525390625,1.7750610092202084,1.3904725837278071,0.9385125237403256,3.9861650312757444,3.1508415864538843,1.933414006098689,224,1.45,-0.4483104561933067,0.0,development,0.07514351695386459
0.31894916397467216,2.983473454764864,1.590647346807352,2.205749051618015,0.7211370421492606,-0.6151017048106631,0.2782240256204801,0.26767778807861725,0.5679783048891778,0.438720703125,0.136962890625,1.7742623140073732,1.3894694800254106,0.938876638267999,4.011197079126386,3.148006758906819,1.9306254359220911,224,1.5,-0.5021796422573886,0.0,development,0.05877189492361137
0.31301327577010896,2.951653330569905,1.5497982708433404,2.206697115196477,0.7023158095284643,-0.6568988443531365,0.2794676693433562,0.2633638783252852,0.5704234881393309,0.43701171875,0.139404296875,1.771891975822415,1.388582402348852,0.9391902661901239,4.034435130639613,3.139601173983881,1.9281610881129152,224,1.55,-0.5522532426049919,0.0,development,0.03924342352536431
0.30714307166128374,2.917830136267004,1.5086078889220558,2.2038447598814277,0.684534553605864,-0.6952368709593719,0.2807368519102994,0.2576771698313184,0.5730538650523679,0.437255859375,0.14208984375,1.7712155949188888,1.387910418221621,0.9394555550790297,4.055954119394669,3.1372046836838936,1.9262953290081215,224,1.6,-0.5986271669012523,0.0,development,0.012826592471728848
0.3013423862445191,2.8821749011079696,1.4671986177418264,2.1973905884972256,0.6677004194985787,-0.7301919707553992,0.28203359859971044,0.2528918445300249,0.5746653084605695,0.432861328125,0.149658203125,1.7716725453804858,1.387479911168729,0.939674178678891,4.075823958540185,3.13882360805499,1.9251005038967905,224,1.65,-0.6414006529244177,0.0,development,-0.026059854511215036
0.29561471564577163,2.8448550448633307,1.4257057990697009,2.1875398647857254,0.6517393451978769,-0.7618340657160245,0.283360467143802,0.24932302216415902,0.5752872658134978,0.43310546875,0.148193359375,1.7721866567628417,1.387248603970363,0.9398474312538307,4.094112338433435,3.1406455464082788,1.9244586892177271,224,1.7,-0.6806684254308247,0.0,development,-0.03701332944448513
0.28996322461172724,2.8060344175306655,1.3842681597053,2.174505928204746,0.6365897382713233,-0.7902377684994459,0.2847204121454616,0.24710326371912256,0.5762910216522906,0.430419921875,0.148193359375,1.771690739564159,1.3871267364291278,0.9399763073771323,4.11088669971211,3.138888076657417,1.9241205829165293,224,1.75,-0.7165194256737788,0.0,development,-0.042210067114916955
0.2843907540613344,2.765872811647827,1.34301758207519,2.1585096176872094,0.6221967097437354,-0.8154920356120194,0.2861166499221106,0.24360594465780264,0.5781543073488007,0.431396484375,0.152099609375,1.7718723064084778,1.3870068014887738,0.940061565827569,4.1262150810999145,3.1395314702173205,1.923787867376125,224,1.8,-0.7490401049602956,0.0,development,-0.06798566072595533
0.2788998300432552,2.724525077247233,1.3020706541007252,2.139776734656116,0.6085077162547902,-0.8377060805553906,0.28755252859588404,0.23882835569014937,0.5804438051914205,0.42626953125,0.15234375,1.7738011756077994,1.3867921156600116,0.9401037786902517,4.140165800878712,3.1463706105876326,1.923192372056777,224,1.85,-0.778319945608733,0.0,development,-0.07161281851430087
0.2734926746795185,2.6821400647951243,1.261523829914787,2.1185340696598844,0.5954701640069993,-0.8570102397450974,0.28903140830552954,0.23418559703016434,0.5825465450101815,0.423828125,0.15380859375,1.7741580491576463,1.3864165635400016,0.9401033686968409,4.152806194159188,3.1476367833908876,1.9221508876580735,224,1.9,-0.804456962303924,0.0,development,-0.08419510094207636
0.26817121918175246,2.638859652820007,1.2214529873999194,2.0950048405372272,0.5830311051151076,-0.8735518531373079,0.29055655608841946,0.2309135523431946,0.5842082696707916,0.421630859375,0.15673828125,1.7749115017317254,1.3858519091933221,0.9400606389050694,4.164200825958699,3.1503108389795913,1.9205855142147823,224,1.95,-0.8275614160741974,0.0,development,-0.0997559110526757
0.26293711853776786,2.5948180813985253,1.18191700227919,2.0694044665577405,0.5711387123104058,-0.8874874642785504,0.29213105914505705,0.2298202576988848,0.5850110122686001,0.42041015625,0.162353515625,1.7746778304887796,1.3851034262475217,0.9399757988350957,4.174409682645542,3.149481402028385,1.9185115014026302,224,2.0,-0.847756725262192,0.0,development,-0.12353969165844383
0.5000000000000002,2.8385091313659707,-0.13075804628495563,0.7467175619084263,-0.1751104473166136,-0.8774756081933819,0.23057670716278977,-0.005623237785313116,0.6110374995440958,0.2734375,0.28271484375,1.5995761789440393,1.2681383358409513,0.8969528453663376,2.5296502307006286,2.558643952245228,1.6081748388294628,225,0.0,-0.8774756081933819,0.0,development,-0.496319882312502
0.4943617084595715,2.8016834263300945,0.13943319576412272,0.740199074497684,0.18837256160951737,-0.6007658787335612,0.23534762887219057,0.02563040027600405,0.6080484731755198,0.28515625,0.26318359375,1.5901057963902463,1.2703571621330807,0.8945536033576649,2.5326147007450253,2.528436443713875,1.6138073193828197,225,0.05,-0.7253311915492344,0.0,development,-0.33330183346893094
0.4887837604836722,2.777911068682528,0.39120060709795235,0.7464219663312969,0.5241011448533915,-0.3552213592333445,0.23996122813966786,0.05658512233035999,0.6049472499556231,0.307861328125,0.24658203125,1.5836844417865499,1.2752430534229833,0.89273975044728,2.5478294670630577,2.5080564111567916,1.6262448453035787,225,0.1,-0.5766360213069517,0.0,development,-0.20029895493089547
0.48324158617005986,2.7656604756216234,0.6244139405607729,0.7642087528210112,0.8170724795493408,-0.13979481226023827,0.24441065166088857,0.08638850240894,0.6042765227564902,0.325439453125,0.2275390625,1.5807222306753215,1.2821870118767746,0.8914973940378677,2.5742499085098873,2.4986827705511794,1.6440035334254977,225,0.15,-0.4328371435223973,0.0,development,-0.04542549703264434
0.4777136298088157,2.763448246748978,0.8389750764246431,0.7925717305888802,1.0585478185063266,0.04640334583576289,0.2486948806086815,0.11596263555074525,0.6021544637007732,0.339111328125,0.215087890625,1.5834388637689747,1.2905505258016967,0.890792704915016,2.6107224620471485,2.5072786352939977,1.6655206596470413,225,0.2,-0.29540835499907653,0.013306796364761257,development,0.07490392023863265
0.4721812603136737,2.769832912359035,1.0347979543052874,0.8306245361285849,1.2458071117527107,0.20417341817670254,0.25281799423276313,0.14356138447387357,0.599372958336779,0.35791015625,0.20068359375,1.590027752621966,1.29972826222784,0.8905761103770116,2.656010301771091,2.5281882541080756,1.689293555633806,225,0.25,-0.16581753972070892,0.06281733189291479,development,0.1777791401399574
0.4666286904495442,2.7834125352085843,1.2118176876187063,0.877506682580974,1.3809783009907541,0.33431100503773237,0.25678816140324867,0.16854456239863325,0.596373911804933,0.37890625,0.18896484375,1.6006354688645583,1.309187770172731,0.8907871136418104,2.708820151969941,2.5620339041872797,1.713972617569853,225,0.3,-0.045486295574327526,0.1281388813420987,development,0.24889606407107787
0.4610428964804396,2.8028267378411966,1.3700243360551316,0.9323272716280425,1.4694671900595342,0.4376970644270891,0.2606164886688275,0.1939539482391851,0.591602054668717,0.388671875,0.176513671875,1.613839592090324,1.3184932461601673,0.8913591608074132,2.7678326697276567,2.6044782289982797,1.738424440169981,225,0.35,0.12013100501776246,0.21022143331724974,development,0.327260598139404
0.45541352935363894,2.8267630544344033,1.5095090238462971,0.9941308094659758,1.5184209255693129,0.5153782143803214,0.264315848730958,0.21701729150786925,0.5867464001681925,0.4072265625,0.169677734375,1.629945776455572,1.3273180961352127,0.8922240803882744,2.8317363341032804,2.6567232341853746,1.7617733283280115,225,0.4,0.2579995444359939,0.2961150767141458,development,0.3557303744054815
0.4497328095017819,2.8539667573579997,1.6305078304482108,1.0618842782351272,1.5354854232875048,0.5686235522130836,0.2678997911161532,0.23644309146778614,0.583655725421512,0.423583984375,0.160888671875,1.6429710501262358,1.3354466956278255,0.8933157672113611,2.899262295941739,2.699353871552922,1.7834178768632836,225,0.45,0.3691191229575427,0.3792497060116086,development,0.3906602704300607
0.4439953996433712,2.8832527644569432,1.7334321554644203,1.1344816703454565,1.5279507820841034,0.5989504851189638,0.27138160517048454,0.2552339913782416,0.5806278034564931,0.442138671875,0.14990234375,1.6520810526103116,1.3427641532298786,0.8945729426346296,2.969216391905237,2.729371804394011,1.803015571199159,225,0.5,0.4546112628988566,0.4546112628988566,development,0.42888668904297
0.4381982529991605,2.913518050179713,1.818880531869497,1.2107608470333242,1.502262429716176,0.6081196848361727,0.2747735728290355,0.27087185120176893,0.579183999654127,0.45263671875,0.146240234375,1.6610629232861485,1.3492351313238244,0.8959409695830052,3.040504874277885,2.7591300351159416,1.8204354395984235,225,0.55,0.5157650275738772,0.5157650275738772,development,0.4459603334932535
0.4323404373825228,2.9437531462973965,1.8876328237426923,1.2895277801904248,1.463817106339458,0.5981050435522675,0.27808642148741197,0.28516091891395334,0.5785060672033913,0.462158203125,0.142822265625,1.6700443753643268,1.3548772290687627,0.8973728129744927,3.1121518881469856,2.789048215686041,1.8356923058490544,225,0.6,0.5540632493759662,0.5540632493759662,development,0.4611702835488908
0.4264229381031021,2.9730516849440063,1.9406311601807322,1.3695843237495746,1.4169490162298122,0.5710468364311576,0.2813289688914531,0.2942913990702706,0.5762290215212579,0.465576171875,0.140625,1.678420841647836,1.359737697454644,0.8988293032855298,3.1833084930006965,2.817096521677846,1.848886605879263,225,0.65,0.5711877162785545,0.5711877162785545,development,0.45630588849218745
0.4204484443082013,3.0006173403409706,1.9789525067622786,1.4497568532416745,1.3650237295566605,0.5291956535206042,0.28450794205771535,0.30119016766404827,0.5736009834783621,0.47021484375,0.133056640625,1.685405154917441,1.3638810175802127,0.9002788846074345,3.253254363002673,2.8405905362222996,1.8601714301156422,225,0.7,0.5690045847452239,0.5690045847452239,development,0.4617378320977352
0.4144211243255768,3.025767856881593,2.003776638477899,1.5289239119436662,1.3105796978023385,0.47485272653423305,0.2876279483889382,0.3073054162933677,0.5706059538969006,0.472900390625,0.12646484375,1.692478687519774,1.3673886727546858,0.9016970190634115,3.3213939127948024,2.8644841077086736,1.8697517823778265,225,0.75,0.5495333149702367,0.5495333149702367,development,0.46232505413368874
0.4083463959448763,3.0479360881543753,2.016351990690222,1.6060413514333833,1.255479498638462,0.41031063925683875,0.2906915762314288,0.3116172894605618,0.5687414842080627,0.47998046875,0.127197265625,1.6995301092053223,1.3703648364938839,0.9030653912586677,3.387248589102465,2.888402592095472,1.877899785098915,225,0.8,0.5149036009256517,0.5149036009256517,development,0.4274012114826361
0.40223069754130447,3.066668149688293,2.017961319205006,1.6801636083035876,1.2010504865311795,0.3377977109014185,0.2936996016719103,0.3129909220079804,0.5682531240351831,0.4814453125,0.1259765625,1.7047559517444886,1.3729378883117809,0.9043710225098721,3.4504467482278613,2.9061928550082734,1.8849584451620174,225,0.85,0.4673051937017393,0.4673051937017393,development,0.4069201927179631
0.3960812655776263,3.081618948560233,2.0098892288772956,1.7504600218279185,1.1482063022373217,0.2594292070493771,0.29665127726096985,0.3127015888861221,0.5671670205695505,0.484619140625,0.1240234375,1.7071961217997256,1.375250456482647,0.9056053733929813,3.510712191008318,2.9145185982880393,1.8913138180557352,225,0.9,0.4089353810006674,0.4089353810006674,development,0.3802744751593776
0.38990592333983837,3.092545504041797,1.9933937743099246,1.8162256066084552,1.09754744512842,0.17716816770146937,0.2995446767393937,0.3105354388486543,0.5671901863045448,0.48193359375,0.124267578125,1.7084976030307149,1.3774383063757767,0.9067634880988271,3.5678521905612555,2.918964059561714,1.897336287871374,225,0.95,0.34194834474489694,0.34194834474489694,development,0.3546063572214403
0.38371288480888627,3.0992985884952815,1.9696838903148648,1.8768863584942295,1.0494422751812658,0.09279753182063533,0.30237706864882663,0.30893922724462125,0.5649834550475816,0.478515625,0.123291015625,1.70792858948692,1.3796058986871376,0.9078432150640675,3.6217457155163064,2.917020066786797,1.9033124356923499,225,1.0,0.2684097706733092,0.2684097706733092,development,0.3283343326244025
0.37751057645569186,3.1018132599063097,1.9399032719029523,1.9319997634990242,1.0040908433599465,0.007903508403928061,0.30514529193112067,0.3071440059055426,0.5623218293146113,0.47705078125,0.12255859375,1.706452065261878,1.3818092016000012,0.9088445237251551,3.672332437298794,2.9119786510365455,1.9093966696264386,225,1.05,0.19025901148865898,0.19025901148865898,development,0.2968358776366717
0.3713074786369021,3.1000988104461014,1.9051199252783713,1.98125149083458,0.9615740021353174,-0.0761315655562087,0.30784610884431984,0.3035655789356454,0.5629969923750991,0.472412109375,0.123779296875,1.703798460709682,1.3840529465696565,0.9097689255449403,3.7196029387315637,2.9029291947166977,1.9156025589081545,225,1.1,0.10927993077845986,0.12759723359630862,development,0.273694577384396
0.36511198732887573,3.0942285388127093,1.8663195984664194,2.0244492164989687,0.9218900544682397,-0.15812961803254932,0.3104765147221556,0.2994439971536519,0.5660033349519872,0.469970703125,0.12890625,1.7008722411357942,1.3863023238890637,0.9106189980788946,3.7635902985648415,2.892966380666316,1.921834133220225,225,1.15,0.027080455223600898,0.0801234804526187,development,0.2421414729823138
0.35893229626207557,3.0843296152849353,1.8244011225332353,2.0615142424161412,0.8849810905962968,-0.23711311988290595,0.3130339897486204,0.2943844242944552,0.5674367716986816,0.462646484375,0.13134765625,1.6989407269144305,1.388502427451908,0.9113980039337372,3.804362962151129,2.8863995935685502,1.9279389910398468,225,1.2,-0.054919971289964536,0.04555755129369029,development,0.21918875180211003
0.3527762990982273,3.0705731989850586,1.7801723594934842,2.092471244433405,0.8507511700479858,-0.31229888493992064,0.3155166842380806,0.2890277623854931,0.5682400832845661,0.459228515625,0.1298828125,1.6972885296554265,1.3905961272623468,0.9121095923814233,3.842018601321504,2.8807883528998968,1.9337575891570429,225,1.25,-0.13549627295097322,0.021907073993344735,development,0.2023954187790439
0.34665151103357017,3.0531649177355424,1.734346556714169,2.1174362858606695,0.8190785093725799,-0.3830897291465005,0.3179235351537553,0.28524367246969745,0.5688270407520025,0.45068359375,0.135498046875,1.6959014859782249,1.3925334048982416,0.9127575701353201,3.876678579985483,2.8760818501431693,1.9391492837574957,225,1.3,-0.21361822953907927,0.007424362337325655,development,0.1715039008564437
0.3405650089888191,3.0323358303526646,1.6875398800367867,2.136603259229746,0.78982369457077,-0.44906337919295947,0.3202543171901157,0.2802534002068003,0.5679540989095542,0.44873046875,0.13232421875,1.69660802030062,1.3942707275727493,0.9133457287927406,3.908482692927949,2.8784787745484075,1.943990861766249,225,1.35,-0.28844655309097034,0.0005727476364105095,development,0.1538213599923932
0.3345233892690045,3.0083340299444927,1.6402713017434523,2.1502291315482136,0.762835586997382,-0.5099578298047613,0.3225096363201249,0.27579407307483905,0.5685242165549049,0.441650390625,0.1376953125,1.6976356113946331,1.3957645491554211,0.9138777186604122,3.9375839990926127,2.881966669075248,1.948158676679042,225,1.4,-0.3593251660830915,0.0,development,0.12036180072264688
0.32853274122516185,2.981417075494621,1.592965740172043,2.158618644108912,0.7379560741400094,-0.5656529039368692,0.3246908770484397,0.272525764066598,0.5689792213227763,0.443115234375,0.141845703125,1.6977256501344582,1.3969656993197408,0.9143569609857304,3.964143759832069,2.8822723831244876,1.9515131650758983,225,1.45,-0.425770018966419,0.0,development,0.0830004909317055
0.32259863507761166,2.9518454282025766,1.545960598584636,2.1621093155451487,0.7150242531538428,-0.6161487169605127,0.32680011658288105,0.269025264689362,0.5676314979926521,0.44140625,0.139892578125,1.6954132366622565,1.3978201927507246,0.9147865922127054,3.98832664663487,2.8744260430496067,1.9539012912616784,225,1.5,-0.48745472989310346,0.0,development,0.06717066874482883
0.31672612175799736,2.9198770112953847,1.4995150240535233,2.161057621651787,0.6938801672985384,-0.6615425975982636,0.32884001966616505,0.2642429968028107,0.5657623383252112,0.43310546875,0.141357421875,1.6941681366320376,1.3982778906796074,0.9151694345124111,4.010296454607243,2.8702056751792893,1.955181059563418,225,1.55,-0.5441934955176088,0.0,development,0.04230415432335802
0.31091974247628806,2.885762922484737,1.4538206684631603,2.155827061947596,0.6743679463554763,-0.7020063934844356,0.33081372691940997,0.260718865538759,0.5640523222237264,0.430908203125,0.1396484375,1.6948688616845737,1.3983058708869631,0.9155079867788041,4.030212536872476,2.872580458307982,1.9552593085569545,225,1.6,-0.595922007096801,0.0,development,0.025123013961821344
0.30518354575596784,2.8497442351186386,1.409012666393234,2.1467785277762785,0.6563381588564459,-0.7377658613830445,0.3327247474103371,0.2568129149273457,0.566127004820609,0.430419921875,0.1396484375,1.6957040521802098,1.3979006963739051,0.9158044301089332,4.048227084064799,2.8754122325804037,1.9541263569226552,225,1.65,-0.6426773620626621,0.0,development,0.015385993329233988
0.2995211098838897,2.8120497549632435,1.36517990253441,2.134263054784517,0.6396493157082942,-0.7690831522501071,0.3345768631283042,0.25400885889907265,0.5668552422641479,0.427490234375,0.139404296875,1.6962431686744777,1.3970941607294831,0.916060642067335,4.0644832544438145,2.8772408872748523,1.9518720939444245,225,1.7,-0.6845780609699268,0.0,development,0.008812235946038832
0.29393556902421764,2.772894570275602,1.3223742097540185,2.1186167653247496,0.6241686705199465,-0.7962425555707311,0.33637404963787815,0.25276408220940366,0.566597868210427,0.4248046875,0.142822265625,1.6980606851354978,1.3959499976441319,0.9162782150650722,4.0791140569917435,2.8834100904028563,1.9486763959226576,225,1.75,-0.7218050692328511,0.0,development,-0.011481518123162254
0.2884296415665295,2.732479242905743,1.2806186538935085,2.100157640725914,0.609772632806205,-0.8195389868324054,0.3381204139678,0.2507552127313778,0.5677970325749854,0.424072265625,0.141357421875,1.6989890054762653,1.394552779338081,0.9164584758859075,4.092241831533554,2.88656364072925,1.9447774543595726,225,1.8,-0.7545846359247064,0.0,development,-0.010911681518823518
0.28300565955015144,2.6909895234418792,1.2399153244520913,2.0791837203552954,0.596347168512945,-0.8392683959032041,0.3398201482789878,0.24971220020158627,0.5689528627758889,0.42529296875,0.142333984375,1.7004191562757067,1.392992977567355,0.9166025053703994,4.103978165025236,2.891425307029407,1.9404294355519722,225,1.85,-0.7831731969999145,0.0,development,-0.01953113199423795
0.27766559819987313,2.6485965134595455,1.200252994748157,2.055972375574598,0.5837884832536786,-0.8557193808264412,0.3414774963573612,0.24902354497837925,0.5705020390804382,0.42626953125,0.14453125,1.701120300189158,1.3913528988304293,0.9167111589871062,4.11442412081686,2.8938102757156723,1.9358628890838452,225,1.9,-0.8078443666843288,0.0,development,-0.028794608636586005
0.2724111047320692,2.605457224498781,1.1616147085635733,2.0307804026337273,0.5720040960889078,-0.869165694070154,0.34309672954661685,0.2482187572414873,0.5722444778587517,0.424072265625,0.144775390625,1.7012142830820056,1.3896970377932296,0.9167850900097384,4.123670714850779,2.894130036962244,1.9312578568512837,225,1.95,-0.8288778304178297,0.0,development,-0.0243798644747725
0.2672435256835406,2.561715486616413,1.123984947740774,2.003844769472776,0.560914181010389,-0.8798598217320022,0.344682129170321,0.24901243809724435,0.5734945377242455,0.42626953125,0.147216796875,1.700270624863231,1.3880682459772011,0.9168247770403274,4.131799623792336,2.8909201977728247,1.9267334554902307,225,2.0,-0.8465499291244145,0.0,development,-0.031539112287779586
0.5,2.965364259034204,0.06787044143986201,0.8265457696957195,0.08211334922789273,-0.7586753282558575,0.23558987181108032,0.01708737693549051,0.6183352518803991,0.29833984375,0.271240234375,1.5437351428819757,1.239390007347052,0.9028003710638717,2.603908217397807,2.383118191368846,1.5360875903117301,226,0.0,-0.7586753282558575,0.0,development,-0.43935777690891575
0.4941017820335613,2.934841394575259,0.3561120397551756,0.8240690740919859,0.4321385803096221,-0.46795703433681035,0.23599267499099952,0.0488171193269252,0.6177775294207579,0.3134765625,0.25439453125,1.5516564409456313,1.2397970267326057,0.9034821764067315,2.6110406294630883,2.4076377107280766,1.5370966674950144,226,0.05,-0.5988285266184841,0.0,development,-0.30568164159776023
0.48825065377960125,2.917990428409551,0.624457946019668,0.836246950102267,0.7467386828057205,-0.21178900408259904,0.236400984178214,0.07995037297444252,0.6150184941763889,0.3271484375,0.23583984375,1.5679174294637157,1.2432917622685402,0.904610217092341,2.6312905480848663,2.45836506561612,1.5457744061248175,226,0.1,-0.4433316911687157,0.0,development,-0.17864857320609198
0.48242098731701044,2.9130956040479528,0.8720593499642082,0.8617557143665358,1.0119565619651811,0.010303635597672445,0.2368401020449149,0.11057507990224515,0.611861489766915,0.343505859375,0.22119140625,1.585076957833219,1.249343925847998,0.9061115804754524,2.6634243801851727,2.5124689622538257,1.5608602450532925,226,0.15,-0.29400454537405085,0.0033917387035888474,development,-0.06972349515711476
0.4765905634779166,2.918464478595818,1.0982154680325669,0.8994234052160927,1.2210216697315244,0.1987920628164742,0.23733361949328297,0.1382669172672861,0.6083270259800981,0.3564453125,0.210693359375,1.6004362689879308,1.2573142022876762,0.9079078724369458,2.70606150175571,2.561396251092023,1.5808390032743007,226,0.2,-0.15268835370016334,0.059425463766892075,development,0.021946530176396223
0.4707405240121495,2.932429792281561,1.30236546944928,0.9481395115145957,1.3736010931227092,0.35422595793468437,0.23790329580003547,0.16416743572800974,0.6038662937140474,0.37158203125,0.19482421875,1.6151673363163375,1.2665294848385247,0.9099200528811751,2.757723342312368,2.6087655243032266,1.6040969359653436,226,0.25,-0.021195488170982466,0.13589630084490514,development,0.1214774227396139
0.46485531589557133,2.9533554823052373,1.4840959696572127,1.0067786812169444,1.4741034920041323,0.47731728844026833,0.23856894595606173,0.1894150035641285,0.5989126112830951,0.395263671875,0.183349609375,1.629720450740164,1.2763506276384098,0.912072502895971,2.8168806908504505,2.655988747560738,1.6290709246729675,226,0.3,0.0987470011373853,0.21804240637239386,development,0.18420597904532107
0.45892261941229684,2.9796468984805475,1.6431687187293624,1.074145120518185,1.5297455505236308,0.5690235982111775,0.2393483266083663,0.2136402637745123,0.5935294378286902,0.40966796875,0.172607421875,1.645237061531325,1.2862303693247683,0.9142960915899722,2.881999141734675,2.706804988636245,1.654388562973335,226,0.35,0.26276790252885446,0.3154254611480246,development,0.24924706156847418
0.4529332517447492,3.009765003882062,1.7795638920209893,1.1489416310946472,1.5488723220217206,0.6306222609263421,0.24025702115675884,0.23479762916454563,0.5888926630250791,0.422119140625,0.16259765625,1.6603814477117285,1.2957541669203807,0.916530191103491,2.95158209533364,2.7568665519053104,1.6789788610915348,226,0.4,0.394628816689609,0.4099766401253071,development,0.3042834972296137
0.4468810387364778,3.042243820906706,1.893527814228516,1.2297637558829302,1.539749244657991,0.6637640583455857,0.24130833202827812,0.2532071560937962,0.5853297769620915,0.4375,0.15283203125,1.6727154408884841,1.3046554303564706,0.9187237206486596,3.0242098696175206,2.7979769461867714,1.7021257919586326,226,0.45,0.49536253551147996,0.49536253551147996,development,0.34753856904673686
0.44076264955144284,3.0757098168585504,1.9856120651835354,1.3151162837598247,1.5098376392289894,0.6704957814237107,0.24251319243122268,0.26916802479821894,0.5801176155888864,0.44921875,0.142578125,1.6827954319461824,1.3128023205675334,0.9208353799528064,3.098572970705819,2.831800465778954,1.7234499328875057,226,0.5,0.5662789217975346,0.5662789217975346,development,0.38054259032364157
0.4345773920147906,3.108901516086889,2.0566933777584326,1.4034471027419597,1.4654584228648195,0.6532462750164729,0.24388011051071265,0.2840388246315847,0.5749643904515735,0.455810546875,0.131103515625,1.691302183863822,1.3201623139779781,0.9228332668099165,3.1734977561047297,2.8605030771425493,1.742828535247695,226,0.55,0.6090068264650185,0.6090068264650185,development,0.4209288894356299
0.42832697002923087,3.1406874953863753,2.1079686300115528,1.4931923222418797,1.4117194406991376,0.6147763077696731,0.24541515617954013,0.29597917347058367,0.5699061798736339,0.463623046875,0.126953125,1.6995587491717754,1.3267575759303405,0.9246940743969779,3.2479634995357363,2.8884999418863457,1.7602856652885588,226,0.6,0.6255114692367512,0.6255114692367512,development,0.4197682764190317
0.42201520803838943,3.1700810741382695,2.1409243337598056,1.582826523883326,1.3525956897078246,0.5580978098764797,0.24712199597765053,0.30424840405330067,0.5660983729527589,0.471923828125,0.125244140625,1.7051548325335455,1.3326255870490094,0.9264020431380859,3.321110858653446,2.907553002912519,1.7758909552577218,226,0.65,0.6180842662280892,0.6180842662280892,development,0.40149116918720773
0.41564775054671077,3.1962503779247236,2.157283829528124,1.6709125625444128,1.2910812198593327,0.48637126698371125,0.24900197546793998,0.3094978816532341,0.5658024948637687,0.483154296875,0.121826171875,1.7073600726413702,1.3377955377270239,0.9279478089850633,3.3922425752478813,2.9150784176499616,1.7896969007623418,226,0.7,0.5893048727211364,0.5893048727211364,development,0.39144692676229853
0.40923174688008473,3.218522933410667,2.158937527345826,1.7561461733564128,1.2293609496182105,0.40279135398941324,0.251054243323409,0.31401001201534595,0.5656097472948107,0.4853515625,0.123291015625,1.7061461417410408,1.3422839547478183,0.9293272528200985,3.460817690518907,2.9109346569778567,1.8017262151734488,226,0.75,0.5419781842783152,0.5419781842783152,development,0.3753598219171669
0.4027755325474298,3.236384460198579,2.147862452315902,1.8373915693697869,1.1689737169375414,0.31047088294611513,0.253275907579484,0.3154290407690244,0.5654726539153626,0.484619140625,0.123046875,1.7050712526684333,1.346105680944551,0.93054042010856,3.526440636757122,2.9072679766763163,1.812000504271199,226,0.8,0.47905165653519066,0.47905165653519066,development,0.3603082230085769
0.39628831873620735,3.24947201549484,2.1260377734402587,1.9137052397811969,1.110953625064714,0.2123325336590618,0.25566221317375154,0.31513602830309545,0.565457015440971,0.48583984375,0.123291015625,1.7045588645700467,1.3492912741427752,0.9315905498258593,3.5888464180300583,2.9055209227843424,1.8205869424778385,226,0.85,0.4035202217302382,0.4035202217302382,development,0.3352017631186156
0.38977990070243335,3.257562100156285,2.095363318618667,1.984346359906568,1.055946361459461,0.11101695871209882,0.25820673086167106,0.31324869852069537,0.5653715199080568,0.47705078125,0.128662109375,1.7033607097297243,1.3519008225702767,0.9324832290414673,3.6478829005380793,2.9014377074509663,1.8276358340661953,226,0.9,0.31832715894170016,0.31832715894170016,development,0.3011186386593495
0.383260394187242,3.2605547347125583,2.0575882091540545,2.048773634356048,1.0043023663767408,0.008814574798006625,0.26090155024954764,0.31045019676083097,0.5646308190131254,0.474609375,0.12841796875,1.703469770439524,1.3540272013662038,0.9332256746726884,3.7034911306783367,2.9018092588013,1.8333896620395995,226,0.95,0.2262694967418309,0.2262694967418309,development,0.2730824337938419
0.3767400066384252,3.258454832824544,2.014256255004282,2.106629921334229,0.9561509758337419,-0.09237366632994704,0.26373747301404915,0.30699434974054424,0.5635369175823457,0.473876953125,0.124755859375,1.7033907219593698,1.3557871700365243,0.9338261358407082,3.7556846260629237,2.9015399516572793,1.838158850435652,226,1.0,0.12991591664265553,0.15214107917804712,development,0.252814310441306
0.37022884714010906,3.2513523945272516,1.9666732370440498,2.1577174119214106,0.9114600578269241,-0.1910441748773608,0.26670420533039685,0.3027815103467559,0.5646751825397539,0.476806640625,0.12646484375,1.7037669018419004,1.3573036615567502,0.9342934072131897,3.8045286981930575,2.9028216558119646,1.842273229675366,226,1.05,0.03154372585613875,0.09570549920640142,development,0.21457604232549862
0.36373677584934194,3.2394030696143563,1.9158985937029192,2.201967192072373,0.870084986098171,-0.28606859836945375,0.26979055033431276,0.2973592845781356,0.5664585817485372,0.473388671875,0.129150390625,1.7059810211954458,1.3586850390503582,0.9346364436766148,3.8501209743125617,2.910371244679073,1.8460250353392789,226,1.1,-0.06690063633791238,0.05445886635127054,development,0.18198512940840636
0.3572732907663636,3.2228104799127166,1.8627606836438932,2.2394074668606514,0.8318096242910334,-0.37664678321675815,0.27298460178296863,0.29065011380376415,0.5688156260560262,0.466064453125,0.129150390625,1.7060692478594266,1.3600068217111736,0.9348640677871074,3.8925742957570284,2.910672278491646,1.8496185551009336,226,1.15,-0.16381573023426937,0.02616648102613716,development,0.16620411523089348
0.3508474471990825,3.201811350566725,1.8078913896745874,2.2701344687030454,0.7963807495101632,-0.46224307902845796,0.27627393912037496,0.2853313527626368,0.5701351772198507,0.460205078125,0.135009765625,1.7060414987351553,1.3612998341702833,0.9349847623054929,3.932003018239243,2.9105775954065116,1.8531372385120466,226,1.2,-0.2579349367164216,0.008825319313497282,development,0.12655762550979474
0.3444678036309182,3.1766640359208815,1.7517731276131059,2.2942891575874915,0.7635363318611259,-0.5425160299743856,0.2796458223983561,0.2789776680370897,0.5720640839117507,0.455322265625,0.135986328125,1.7035229457546808,1.3625473201893412,0.9350065399605764,3.9685134145636156,2.9019904267127226,1.8565351997551602,226,1.25,-0.3482957548489185,0.0006387703565941435,development,0.1056149104358208
0.3381423870401402,3.147640515107056,1.6947899407336244,2.312041454766037,0.7330274884301872,-0.6172515140324126,0.28308738359530505,0.27371365531857245,0.5723385720888283,0.4521484375,0.13818359375,1.7003531177089122,1.363692375327271,0.9349368812763341,4.002198424265223,2.8912007249024354,1.8596568945257401,226,1.3,-0.43419453121779417,0.0,development,0.07468083432543723
0.33187867104990243,3.1150214661074234,1.6372745799067303,2.32358223012539,0.7046338014981188,-0.6863076502186596,0.28658580938442313,0.2684191566687698,0.5714231504992938,0.4501953125,0.13818359375,1.6975745531154898,1.3646552028267833,0.9347827292464659,4.033136489779417,2.8817593633852727,1.8622838226022145,226,1.35,-0.5151338125803144,0.0,development,0.045687871040183764
0.3256835614406934,3.0790936835487517,1.5795451758133328,2.3291219021842147,0.6781719644352061,-0.7495767263708819,0.2901285097046639,0.26208337067827747,0.5700833251732932,0.44482421875,0.14111328125,1.698198448174183,1.3653568081196048,0.9345505275591192,4.061393763013327,2.8838779693812215,1.8641992134785608,226,1.4,-0.590769613119763,0.0,development,0.0049034727796088695
0.31956338522988137,3.0401489338912278,1.521927831709446,2.328893560350882,0.6534982352221135,-0.806965728641436,0.2937032667117854,0.2558772109044747,0.57009618650421,0.4345703125,0.14306640625,1.6979857446203275,1.3657429116906676,0.9342462877250169,4.0870286456109195,2.8831555889338656,1.8652537008333083,226,1.45,-0.6608648685944349,0.0,development,-0.0166314177116568
0.31352388135578224,2.99848335172209,1.4647645206144504,2.3231581141249316,0.6305057377320124,-0.8583935935104812,0.29729835975311647,0.2509410208981572,0.5718565868861478,0.43310546875,0.14501953125,1.6979912517764095,1.365800963696237,0.9338756703976071,4.110097491796627,2.8831742911092366,1.8654122724335753,226,1.5,-0.7252534575061063,0.0,development,-0.0390232551577491
0.30757019265566843,2.9543966437788107,1.4084083631130566,2.3122091072151876,0.6091180761801152,-0.903800744102131,0.30090266369710555,0.24570228576327985,0.5747234953242963,0.426513671875,0.1494140625,1.6977665740380818,1.3655652583074367,0.9334440675843603,4.130660359698949,2.8824113399210245,1.864768474696262,226,1.55,-0.7838168177212338,0.0,development,-0.057848633768296326
0.30170686004565417,2.9081906266067916,1.3532101694775769,2.2963753826003948,0.5892809075253254,-0.9431652131228179,0.30450571997210457,0.24166492923569383,0.575396950240631,0.4267578125,0.154541015625,1.6973958930120292,1.365109528996906,0.9329566751327636,4.148785908855886,2.881152817614123,1.8635240261581603,226,1.6,-0.8364728524776919,0.0,development,-0.09535825491673158
0.29593782046979344,2.8601669119607034,1.2995008237748373,2.2760205565851694,0.5709530258920619,-0.9765197328103321,0.3080977817361864,0.23826151886998717,0.5749475448678075,0.422607421875,0.153564453125,1.7005400534819048,1.3645309200245852,0.9324185483362498,4.164554845101836,2.8918364734962596,1.8619446317031472,226,1.65,-0.8831749261849448,0.0,development,-0.10579875552903664
0.2902664102915907,2.810623810166854,1.2475737476753728,2.2515390569860383,0.5540982039838134,-1.0039653093106655,0.31166983644777513,0.23567379634923458,0.5748716414091624,0.41845703125,0.151611328125,1.7037011792474768,1.3639317044339543,0.9318346371225371,4.178061639775361,2.902597708169262,1.8603096943601174,226,1.7,-0.9239175769887792,0.0,development,-0.10706542693041446
0.28469537546341905,2.7598527039612106,1.1976706171135065,2.223349144509321,0.5386786056842299,-1.0256785273958147,0.3152136105196925,0.23157490617512314,0.574217747726476,0.41943359375,0.151611328125,1.708864138318942,1.3634046073533523,0.9312098004910199,4.18941453979325,2.9202166432325605,1.8588721233523546,226,1.75,-0.9587452102208136,0.0,development,-0.13130725939864965
0.27922688919690825,2.7081342369027945,1.1499721239003307,2.1918837761826326,0.5246501371998441,-1.041911652282302,0.31872156156128917,0.22627427334724826,0.5751074374826121,0.41162109375,0.154052734375,1.715225948130815,1.3630247603039312,0.9305488022721764,4.198734101504517,2.9420000531412738,1.8578364972015953,226,1.8,-0.987760395702719,0.0,development,-0.1473872883080445
0.27386257714911255,2.6557346673217586,1.1045942541865565,2.157580364109202,0.5119597269984468,-1.0529861099226456,0.3221868638615441,0.22225689503323182,0.5764200923714486,0.408203125,0.156982421875,1.7226058224545113,1.3628478712850192,0.9298562917441867,4.206150610604213,2.967370819554205,1.8573543202661142,226,1.85,-1.0111292554002214,0.0,development,-0.16511400564531278
0.2686035494848561,2.6029026826343458,1.0615895545346021,2.1208704649632457,0.5005442680597654,-1.0592809104286436,0.32560339224190105,0.21780511547060186,0.5772874565934687,0.405517578125,0.155517578125,1.730231667489166,1.362911855026914,0.9291367732337213,4.211800798300799,2.9937016231823614,1.8575287245729097,226,1.9,-1.0290825233265928,0.0,development,-0.1692561595549942
0.26345043867310464,2.5498668781079985,1.0209522819810068,2.0821702695936803,0.49033083263658256,-1.0612179876126735,0.32896570830359273,0.21302002994413224,0.5776556056578257,0.39990234375,0.159423828125,1.7391196501244224,1.3632387588262738,0.9283945687727708,4.215824248268066,3.024537157448916,1.8584199135662058,226,1.95,-1.0419119294063277,0.0,development,-0.19193759339700814
0.2584034415661567,2.4968340055747182,0.9826261617562009,2.0418725197742114,0.48123776202485885,-1.0592463580180105,0.3322690515871078,0.21072116438412536,0.5794715702241876,0.405029296875,0.162841796875,1.749445227809202,1.3638350641623802,0.9276337774638888,4.218359832626003,3.060558605104415,1.8600460822388103,226,2.0,-1.0499624135154533,0.0,development,-0.21352116946540559
0.5,2.7304807117667123,-0.030319913970390286,0.736150202034622,-0.04118712986370179,-0.7664701160050122,0.31957947646153567,0.0018007066744645758,0.6215173906712645,0.2880859375,0.284423828125,1.630937339317963,1.3089225059475302,0.8662003612133893,2.54995286138359,2.659956604781573,1.7132781265759678,227,0.0,-0.7664701160050122,0.0,development,-0.3737295525547363
0.49457320059957355,2.6978034708466003,0.18580866665895673,0.7300516823755945,0.25451440102751866,-0.5442430157166378,0.319858063777112,0.030772627101995943,0.6216033127969617,0.304931640625,0.27294921875,1.6401961342549622,1.3054605681266274,0.8667294427184823,2.5526201473946664,2.690243358824939,1.704227294933502,227,0.05,-0.6442821011422943,0.0,development,-0.27373717718887713
0.48920101466815313,2.675690191801759,0.39113402196547287,0.7350012833667033,0.5321542027435211,-0.3438672614012305,0.3201647052780974,0.05892113320212583,0.6209142387740492,0.323486328125,0.255126953125,1.6490270354769938,1.3047110142823226,0.8677482924680342,2.5662256101803664,2.7192901637340596,1.7022708307896128,227,0.1,-0.523587561742759,0.0,development,-0.15579465280026397
0.48386339423161945,2.663061474478762,0.5852293329261248,0.7500856331045834,0.7802166940644856,-0.16485630017845865,0.3205136228564493,0.08423858465655906,0.6200145264471579,0.33544921875,0.241455078125,1.6632134166884394,1.3067261472959213,0.8691981654548212,2.589961855226215,2.7662788694524494,1.7075332240268473,227,0.15,-0.40550082502725016,0.0,development,-0.05475698473783433
0.47854243072203506,2.6588557190762696,0.7675503087902303,0.774518419946281,0.9910032983379091,-0.0069681111560506714,0.32091755101103264,0.10796744366496092,0.618446943315589,0.35009765625,0.229736328125,1.6813285820387753,1.3113500451510656,0.8710133531653615,2.6229141584825895,2.826865800780537,1.7196389409177073,227,0.2,-0.2912160989441459,0.0,development,0.027084820968820228
0.47322232979519807,2.662019604495637,0.9374802563912491,0.8075743252069747,1.160859412105481,0.1299059311842744,0.3213880182396612,0.13186349921218676,0.6166472435683166,0.364013671875,0.218017578125,1.699109838446958,1.318249464037559,0.8731242044331006,2.6640724496873704,2.8869742431072667,1.7377816494353173,227,0.25,-0.18197763159753708,0.03369741739105111,development,0.1122889261481411
0.4678893994397463,2.6715044073382637,1.0943951879285434,0.8485344242272871,1.2897475419752686,0.2458607637012563,0.32193554272173086,0.1539941314799771,0.6135462963877837,0.375244140625,0.203857421875,1.7194499846855837,1.326973036000582,0.875460167395939,2.712350572932189,2.9565082498352733,1.7608574382726072,227,0.3,-0.07903944312688954,0.08474405268377834,development,0.19967887242445345
0.46253203953300204,2.6862681832739144,1.2377360334734537,0.8966463407878902,1.3804060499325133,0.34108969268556355,0.322569742578424,0.17429385585847137,0.6103294301954713,0.3896484375,0.193603515625,1.7408916678580495,1.3370300552887444,0.8779526250496944,2.766613127217218,3.0307037992176,1.7876493687454285,227,0.35,0.06283010687277642,0.15144895783535256,development,0.2603593415036908
0.457140721748447,2.705283054029719,1.3670750829690026,0.9511006989871109,1.4373610327748574,0.4159743839818917,0.3232993685077512,0.19243589832930563,0.6062551963194501,0.4033203125,0.179443359375,1.7613156461762447,1.3479679097986337,0.8805373196798238,2.8257080472080487,3.102232805465262,1.8170174858469028,227,0.4,0.18381533271606595,0.22407961914650393,development,0.32561475912937465
0.45170795089068105,2.7275462233779115,1.4821662427353375,1.0110234526987467,1.4660057971741003,0.47114279003659076,0.32413227130648276,0.208416703285774,0.6024532430452155,0.416259765625,0.1787109375,1.7805492487156962,1.3594195230688926,0.8831562175502797,2.8885015672076726,3.1703556271020505,1.8480214397008612,227,0.45,0.2842546400486846,0.296818128563177,development,0.33245388742676085
0.4462282018913574,2.752092993288789,1.5829729525460428,1.0754818567470343,1.4718732283722533,0.5074910957990084,0.3250753194930698,0.224524632339488,0.5980656402030667,0.4189453125,0.169677734375,1.8011265376465395,1.3711019715141302,0.8857587416201734,2.9539116479238094,3.244056804614632,1.8799206162899404,227,0.5,0.36461184678884584,0.3651168085084905,development,0.38376088226750593
0.4406978302470633,2.7780100167146973,1.66967268212623,1.1435005430722103,1.4601415733834004,0.5261721390540197,0.32613428386136395,0.23803313921191424,0.5949050895093139,0.428466796875,0.162841796875,1.8236420091202206,1.3827737069902823,0.8883023791564626,3.020936349573933,3.325670177428055,1.9120631247436535,227,0.55,0.4255297089952549,0.4255297089952549,development,0.41205063347877074
0.4351149569919371,2.804447284124553,1.7426415827510722,1.214083622317227,1.4353554818777865,0.5285579604338451,0.3273137068043401,0.2511990753138187,0.5925165923358561,0.439453125,0.157470703125,1.8424068466622547,1.3941838410800822,0.8907527370817057,3.0886747568408004,3.3944629886279736,1.9437485827288183,227,0.6,0.46785813976118423,0.46785813976118423,development,0.43224562689346135
0.4294793318636597,2.8306278060854764,1.8024259378794538,1.2862389754920989,1.4013149750728617,0.516186962387355,0.32861677449872756,0.26125725605991584,0.5903140525799514,0.447998046875,0.151123046875,1.8573511380894725,1.405052526626902,0.8930831608474084,3.156339504948144,3.44975325016228,1.9741726025806479,227,0.65,0.4926574969402511,0.4926574969402511,development,0.4472936619829434
0.42379217986283924,2.8558544889467035,1.8497078415348438,1.3590017323040888,1.3610783544762657,0.49070610923075497,0.330045209018589,0.26877105423550596,0.5886119695830124,0.45458984375,0.148681640625,1.8651878204875545,1.4151000107772331,0.8952740498101224,3.223261313025278,3.478925605695134,2.0025080405017315,227,0.7,0.5011807196424408,0.5011807196424408,development,0.4384377739104661
0.41805603692342186,2.8795141688891257,1.8852711462898202,1.4314550049508001,1.317031370018241,0.45381614133902004,0.331599194743995,0.2750823121284116,0.5860210844351178,0.45751953125,0.148681640625,1.8695498756563804,1.4241077366529626,0.8973119968028729,3.2888868958422255,3.4952167375668073,2.0280828455948305,227,0.75,0.49484018209523384,0.49484018209523384,development,0.41456013778158474
0.4122745801410911,2.9010790794247683,1.9099710594641253,1.50274690932218,1.2709865165023866,0.40722415014194535,0.33327734912753454,0.27821204669878047,0.5843319578026994,0.462890625,0.14697265625,1.8711602148072843,1.4319723282887182,0.8991888588620064,3.352772065891573,3.501240549477662,2.050544748984619,227,0.8,0.4751657085024329,0.4751657085024329,development,0.3848922245817311
0.40645245729815926,2.920106157571242,1.9247080751412018,1.5721035477408358,1.2242883605899053,0.35260452740036596,0.33507674260077225,0.28041457049160123,0.5829734967891979,0.46240234375,0.147216796875,1.87133860868408,1.4387175721977088,0.9009008380678687,3.4145718018444993,3.5019081883516887,2.0699082525504755,227,0.85,0.4437595008083406,0.4437595008083406,development,0.35482598541421717
0.40059511960225547,2.936234587423596,1.9304052103591198,1.638837932579944,1.1779109892338013,0.2915672777791758,0.3369929670866004,0.282266905566508,0.5827012260476222,0.46337890625,0.145263671875,1.872763814450395,1.444456148731218,0.9024476233328763,3.4740287180772236,3.5072443047148134,2.086453565607429,227,0.9,0.40225229969492826,0.40225229969492826,development,0.336670106799683
0.3947086608231661,2.949181910827676,1.9279871054791697,1.7023549312516657,1.1325412051772346,0.22563217422750403,0.3390202481315333,0.2822767267296594,0.5827059808346264,0.459716796875,0.1416015625,1.8768088444325102,1.449323014661535,0.9038316204653002,3.5309609301113953,3.5224114385401144,2.100537200827607,227,0.95,0.3522634959698432,0.3522634959698432,development,0.33079880342409795
0.3887996654227657,2.958738968985859,1.9183601336897016,1.7621523813191424,1.0886459956735537,0.15620775237055917,0.34115159264772543,0.28209076693882107,0.5815888395705843,0.46484375,0.14306640625,1.879926752033783,1.4534167832484959,0.9050572809327936,3.5852499334157675,3.534124593012309,2.1124203458284123,227,1.0,0.29536655370202775,0.29536655370202775,development,0.2864720719528714
0.38287506778167446,2.9647639089871776,1.9023936165446587,1.817818669630544,1.0465255134228013,0.0845749469141146,0.3433789627752571,0.28244114338118353,0.5801886133843129,0.463623046875,0.140869140625,1.880507761279947,1.4567768562223014,0.9061305292022149,3.6368288729967335,3.5363094402341377,2.122198808824938,227,1.05,0.23306019333914993,0.23306019333914993,development,0.2667491976913493
0.37694202415686784,2.9671754950229987,1.8809030345038784,1.8690273038414222,1.0063539631754164,0.011875730662456174,0.3456934661929896,0.2827787670630602,0.579600938575366,0.462890625,0.142578125,1.8812739024183491,1.459400303302963,0.9070582828908941,3.685671475225551,3.539191495920384,2.129849245280787,227,1.1,0.1667453154980958,0.1667453154980958,development,0.2369317011666395
0.3710077985024416,2.965945987297183,1.8546365288551678,1.91552927049547,0.968211009574105,-0.06089274164030223,0.3480855538967897,0.2826430029273609,0.5781686174927504,0.458984375,0.141845703125,1.8815587216191778,1.4612798149619202,0.9078480575532764,3.731781895759165,3.5402632229012156,2.13533869761515,227,1.15,0.09770751255828848,0.11235834470505339,development,0.21791661409776472
0.36507966273605985,2.9610938732388883,1.8242660270972704,1.9571441921092174,0.9321060933845942,-0.13287816501194705,0.35054521761656876,0.2798698345809076,0.5782252765666837,0.455322265625,0.138916015625,1.8813360294052308,1.4624355940043667,0.9085076474166413,3.7751857553572687,3.539425255538261,2.1387178666109112,227,1.2,0.027105059671405488,0.07107071704116412,development,0.20685179865046108
0.35916481145347234,2.952676742859265,1.790384052551624,1.9937513996002265,0.8979976404834723,-0.2033673470486026,0.35306218037516773,0.2770258840387352,0.5782424103239716,0.451904296875,0.14013671875,1.880436629320984,1.4629221947120277,0.9090448738815484,3.815922645545314,3.536041916892085,2.1401413477810625,227,1.25,-0.044037656939340745,0.040888691136432655,development,0.1805714866567006
0.35327029052009595,2.940784584998619,1.7535067068989332,2.0252819784731715,0.8658086753040061,-0.2717752715742383,0.35562607506450916,0.27373112321329446,0.5783822018811563,0.450927734375,0.137451171875,1.87952273711993,1.4628085994243607,0.9094673944876368,3.8540403550229203,3.5326057193508142,2.1398089985498663,227,1.3,-0.11483135574273626,0.020089759382887765,development,0.1666901730853144
0.34740293845345516,2.9255337373066737,1.714082437614993,2.0517125997956747,0.8354398358647769,-0.33763016218068165,0.3582266072857363,0.2723887885406041,0.5767405678994737,0.4501953125,0.138427734375,1.8783035475120347,1.4621454649902654,0.9097825657747534,3.8895909700961604,3.528024216596316,2.1378693607916057,227,1.35,-0.1845180152690058,0.007180081459344537,development,0.13835457817609673
0.34156933911542275,2.9070616465338,1.6725051357324892,2.073061515017771,0.8067802733379823,-0.400556379285282,0.3608537000582398,0.2698977592174519,0.5754091488637432,0.4482421875,0.138671875,1.8757436226843027,1.4609398031310736,0.909997353608631,3.922628827407379,3.518414138040854,2.134345108372667,227,1.4,-0.2524626405390043,0.0008606047238703615,development,0.11328668191889765
0.33577578402023034,2.885522492289522,1.6291291476129512,2.0893865372215767,0.7797164950528176,-0.4602573896086255,0.36349761931876917,0.267142243969322,0.577087667198739,0.447021484375,0.139892578125,1.871567159645242,1.4591527096523944,0.9101182839223688,3.9532100616024244,3.5027636330625804,2.1291266300859317,227,1.45,-0.31814175036935105,0.0,development,0.09693767298888809
0.33002824257137,2.861083615034329,1.584283310748893,2.100784275681591,0.7541389799458961,-0.5165009649326979,0.36614908034525906,0.2659788670365783,0.5769484837152912,0.4453125,0.142333984375,1.865538351222263,1.4567238388542167,0.9101514256920294,3.981393245867668,3.4802333398811003,2.1220443426861726,227,1.5,-0.3811300429329377,0.0,development,0.07440370719988007
0.32433233875849354,2.8339225957613134,1.5382814118756731,2.107389500932823,0.729946415313715,-0.56910808905715,0.3687993362636046,0.2648483571329091,0.576247537555021,0.44091796875,0.143798828125,1.8619413168233232,1.4536135017161975,0.9101023969284662,4.007240445832852,3.4668254672937935,2.1129922123716325,227,1.55,-0.4410868075689959,0.0,development,0.06095520665603646
0.318693333207505,2.804224787705159,1.4914275078955053,2.109373439314696,0.7070476379848832,-0.6179459314191906,0.3714402505304654,0.26349187921412776,0.5747575642706304,0.443115234375,0.143798828125,1.857040657271648,1.4498453063708374,0.9099763842579996,4.030817970529213,3.448600002759937,2.102051412405554,227,1.6,-0.49774344955767313,0.0,development,0.0393240543898615
0.3131161098742391,2.7721811128169787,1.4440160265695487,2.1069400871660697,0.6853616936549041,-0.662924060596521,0.3740643556366424,0.2616154801951126,0.5757168105917458,0.447265625,0.146240234375,1.8514827753662364,1.445531922931489,0.9097781677854593,4.052196244876135,3.427988467477885,2.089562540214015,227,1.65,-0.5508930141045655,0.0,development,0.015606623390673618
0.30760516698944373,2.737985999905634,1.3963279767427128,2.100320227894045,0.6648167066137276,-0.7039922511513321,0.3766649001750777,0.2587751118910864,0.5769568415218571,0.441650390625,0.14794921875,1.8446881702535587,1.440873055504531,0.9095121454060416,4.071448525485973,3.4028744454734454,2.07611516207897,227,1.7,-0.6003819678308275,0.0,development,0.008472315607371245
0.3021646120206629,2.7018354310097936,1.3486254892244256,2.089763551959255,0.6453483639141968,-0.7411380627348292,0.3792358858528233,0.2540428857952721,0.5789019843391947,0.437744140625,0.147216796875,1.834962774591228,1.4361248048264814,0.9091823540605485,4.088648558578286,3.3670883841355614,2.062454455037906,227,1.75,-0.6461039022986632,0.0,development,0.004285991964066399
0.2967981603977682,2.6639251440258853,1.3011470453650282,2.075529895798572,0.6268987249949509,-0.7743828504335439,0.38177209507389887,0.24895539205824407,0.5794476986372122,0.435302734375,0.151123046875,1.824363035576482,1.4315493687301417,0.9087924887878532,4.103867628777275,3.328300485577859,2.049333595111674,227,1.8,-0.6879944294252923,0.0,development,-0.02743466485402482
0.29150913759939384,2.624449085358316,1.2541051850941003,2.0578809429475293,0.6094158116347729,-0.803775757853429,0.3842691085626356,0.24372332034647934,0.5792187927708543,0.426025390625,0.15087890625,1.8144127873314086,1.4273602483844923,0.9083459229817819,4.117171671895616,3.292093762831754,2.0373572786682463,227,1.85,-0.7260264351118011,0.0,development,-0.03550149075258183
0.2863004840036848,2.5835982046831,1.2076874968627778,2.03707368315526,0.5928541057936446,-0.8293861862924821,0.386723311408459,0.2388359646153075,0.5801899429513191,0.423583984375,0.15380859375,1.8054818720778543,1.423679110298979,0.907845734444405,4.1286191663010765,3.2597647904017775,2.026862209101699,227,1.9,-0.7602050394869422,0.0,development,-0.059144947962613964
0.28117476176008416,2.541559640881023,1.1620606376019451,2.013356540309239,0.577175782995425,-0.8512959027072939,0.3891318852010993,0.23533852134880873,0.580022767309883,0.417724609375,0.154541015625,1.7967397355057346,1.4205162788488785,0.907294741502921,4.138260376156888,3.2282736771452414,2.017866498474672,227,1.95,-0.7905619887603735,0.0,development,-0.06887130162183666
0.27613416290488096,2.498516282377685,1.1173763126736462,1.9869684917441999,0.5623523056939828,-0.8695921790705536,0.391492783847238,0.23303779099939118,0.5803489313796845,0.420166015625,0.15380859375,1.7857098800789601,1.4177792197189407,0.9066955518776778,4.146138246986441,3.188759775811638,2.0100979158668553,227,2.0,-0.817149637643629,0.0,development,-0.07942222312925776
0.5,2.8574179860768845,0.01925981340200389,0.7672129873805601,0.025103607106236926,-0.7479531739785562,0.2281876673710356,-0.009124402637560688,0.6066940865948732,0.27099609375,0.27734375,1.5504539336359493,1.2731688547853166,0.9054444242524535,2.5534095509767547,2.403907400327204,1.6209589327953604,228,0.0,-0.7479531739785562,0.0,evaluation,-0.43386762269184154
0.4943177435601718,2.826593631333263,0.27409574141597104,0.7638949864473306,0.35881337916709777,-0.4897992450313595,0.23115520875185205,0.025168777157504423,0.6077925155801677,0.290283203125,0.260986328125,1.548970195583858,1.2761027495452426,0.9043891072842475,2.559386384418329,2.3993086668071104,1.6284382273969333,228,0.05,-0.6060113673035977,0.0,evaluation,-0.2730368557513795
0.4886847163824668,2.807953928749838,0.5128242880320253,0.7733488187444553,0.6631215767092062,-0.26052453071243,0.2342198362366838,0.06030027805556148,0.60756101388038,0.30517578125,0.245361328125,1.5538004307510114,1.2807085541275656,0.9037215539321429,2.5774944982294117,2.414295778602044,1.6402144006155248,228,0.1,-0.46720872144590786,0.0,evaluation,-0.12000523092444673
0.48307798099339727,2.8000678983037863,0.7348335367329999,0.7944802744124351,0.9249235763297616,-0.05964673767943518,0.2373858735017135,0.09559988387986207,0.6056465916001508,0.333984375,0.229736328125,1.5638101027079214,1.2866701820848443,0.9034120751401481,2.6066966205170514,2.445502037331375,1.655520157466251,228,0.15,-0.33304794476195165,0.0,evaluation,-0.003600169705328643
0.4774774423499998,2.801522823401215,0.9394186958134672,0.8263121513089213,1.1368811342364737,0.11310654450454583,0.240655141182436,0.1293055726051328,0.6016789093777608,0.354248046875,0.21044921875,1.5748360549711997,1.2936391848249478,0.9034224681165168,2.645810878776747,2.480108600037267,1.6735023405145608,228,0.2,-0.20510702091335692,0.03243485417130921,evaluation,0.12285923264755935
0.47186581932099947,2.81091745588869,1.1258512863492807,0.8679053329004327,1.2972051716594761,0.25794595344884796,0.24402709927720784,0.16128119114850442,0.5961639311184157,0.377685546875,0.193115234375,1.5834374246991447,1.3012533345612198,0.903708610175104,2.693541093774184,2.507274077937876,1.6932602407066994,228,0.25,-0.08499172510660329,0.09093211884116051,evaluation,0.22419329566859222
0.4662286223830488,2.8268625654992943,1.2934614687907056,0.9182971251665424,1.4085435240321844,0.3751643436241632,0.2474990454125017,0.1890999489292924,0.5920240908699684,0.39794921875,0.177490234375,1.5890351522790225,1.3091580734283546,0.9042231637893849,2.748515015481169,2.5250327151784324,1.7138948612226461,228,0.3,0.02572211602922868,0.15931857187025522,evaluation,0.3162441197643865
0.4605541232033541,2.847988392850433,1.4417261796647813,0.9764587641552197,1.4764844482829609,0.46526741550956163,0.25106634654764404,0.215648695084325,0.5863134063203518,0.4130859375,0.1630859375,1.5912390219961625,1.3170300593435835,0.9049181487072918,2.8093275740110455,2.53204162512332,1.7345681772145682,228,0.35,0.17738021990968839,0.24238264872982965,evaluation,0.4000395979518986
0.4548333031194176,2.872958108919893,1.5703550298145843,1.041273312001899,1.508110321962924,0.5290817178126852,0.25472268512787055,0.23997964887512907,0.5808352718543438,0.4287109375,0.151123046875,1.5915681678349656,1.324595556947929,0.9057471895785114,2.874585734312591,2.5330892328655654,1.7545533894862,228,0.4,0.30158450473086384,0.325743524420609,evaluation,0.4654542642437448
0.44905976979650647,2.900485903983984,1.679364244134587,1.1115340883663798,1.5108526690375699,0.5678301557682073,0.2584603056072235,0.26074247139488804,0.5769717231727133,0.445556640625,0.146240234375,1.5897279896247565,1.3316362086438585,0.9066673156573226,2.9429516574141665,2.5272350809963853,1.7732549921713954,228,0.45,0.3989940846004615,0.40331653562847775,evaluation,0.4958430910590158
0.4432296345881281,2.9293578444369173,1.7691279467304448,1.1859620951567869,1.4917238535322346,0.583165851573658,0.26227025292214623,0.2782630437567819,0.5750241128286763,0.4599609375,0.14208984375,1.5868432457911323,1.3379831088697411,0.9076402561445771,3.013181220725854,2.5180714867129517,1.7901987996207431,228,0.5,0.47051772362219213,0.47051772362219213,evaluation,0.5234090468369289
0.43734134726238083,2.9584532492537647,1.8403973149778665,1.263238772076916,1.4568879262247727,0.5771585429009505,0.26614259997412676,0.29412547946330503,0.5723396725315844,0.4716796875,0.139404296875,1.58573973070666,1.3435087096232052,0.9086332307798384,3.0841553851311367,2.5145704935416466,1.8050156528334154,228,0.55,0.5173812726191668,0.5173812726191668,evaluation,0.5364486107540737
0.43139548945278083,2.98676418973184,1.8942822492417366,1.3420484382566809,1.4114857521107111,0.5522338109850558,0.27006666549818026,0.3075667691539712,0.5682160633809906,0.48291015625,0.132080078125,1.5880976177807846,1.348125919424558,0.9096192770859807,3.154902467196607,2.522054043601018,1.8174434946243159,228,0.6,0.5411594723168114,0.5411594723168114,evaluation,0.5481724232432891
0.42539453284613155,3.013410919300824,1.932196688743392,1.4211236339772,1.3596260329130458,0.5110730547661919,0.2740312260728873,0.31752421827104876,0.5644672446713486,0.486328125,0.127197265625,1.5944808738080034,1.351795468519181,0.9105771839587141,3.2246101896227803,2.5423692569395495,1.8273509887089983,228,0.65,0.5437693821943822,0.5437693821943822,evaluation,0.5475708391571835
0.41934257198882835,3.037651616322822,1.9557757553366582,1.499286762909457,1.3044707681813694,0.4564889924272011,0.2780247261597436,0.32134255075585494,0.5629417096060343,0.489990234375,0.124267578125,1.6028621496887006,1.3545345182654018,0.9114911181077479,3.29262745152765,2.5691670709046974,1.8347637611724894,228,0.7,0.5274272956665034,0.5274272956665034,evaluation,0.5264333204998921
0.4132450440098908,3.0588856725548865,1.9667781653312815,1.5754829565102242,1.2483652439425916,0.3912952088210573,0.2820354882706981,0.32261001868333083,0.5622241070792767,0.48583984375,0.125,1.6111367854583614,1.3564179824309885,0.9123500367529819,3.3584569219581297,2.5957617414571175,1.8398697430621591,228,0.75,0.49457567032450345,0.49457567032450345,evaluation,0.49904155803510897
0.40710844816110414,3.076650687321063,1.9669889945817025,1.6488014464294773,1.1929811190069421,0.31818754815222516,0.2860519225242024,0.32175441534616556,0.5613290368494059,0.485595703125,0.12451171875,1.6202563667922727,1.3575685875381436,0.9131469777972947,3.4217405404232215,2.6252306941309107,1.8429924698703155,228,0.8,0.4477902864700457,0.4477902864700457,evaluation,0.4623334998299049
0.4009400769304108,3.090614111469574,1.9581355286207036,1.7184851806707608,1.139454416392699,0.23965034794994278,0.29006273204628724,0.3186894209333745,0.5609403251347419,0.481689453125,0.123291015625,1.6291731073763849,1.3581379967548002,0.9138783083121732,3.48224055223147,2.6542050137984403,1.8445388182291476,228,0.85,0.3896796657995539,0.3896796657995539,evaluation,0.4304415723260767
0.39474776805861295,3.100560963755218,1.9418237729559191,1.7839302757404352,1.088508782749342,0.15789349721548396,0.2940571087854841,0.31519009804957066,0.5608000978128891,0.480712890625,0.123046875,1.6395071402841601,1.3582857397150587,0.9145429953564298,3.539818701950511,2.6879836630427607,1.8449401507132894,228,0.9,0.32278838553354977,0.32278838553354977,evaluation,0.39008644660173175
0.38853968376240006,3.106379166364248,1.919497360599491,1.8446778220655924,1.0405596780309956,0.07481953853389856,0.2980249137284921,0.31121724684337937,0.5631350627830869,0.475341796875,0.123779296875,1.6503220872393718,1.35816336693098,0.9151419428376611,3.594415730309194,2.723562991630133,1.8446077312733014,228,0.95,0.24951360914993118,0.24951360914993118,evaluation,0.36389477656082325
0.3823241204990243,3.108043881328596,1.8924160943022397,1.9004006203932016,0.9957985037442737,-0.007984526090961896,0.30195683608971763,0.30707465640025516,0.5644305888288202,0.471435546875,0.12451171875,1.6604667255692673,1.3579077241570496,0.9156774179184716,3.646032583437342,2.757149746722741,1.843913387325384,228,1.0,0.1720407106798208,0.17396179270666,evaluation,0.33233113271869585
0.3761093501498136,3.105601910002767,1.8616492866638723,1.9508869674973202,0.9542578927840573,-0.08923768083344785,0.3058445273307154,0.3023107549510345,0.5673516863456685,0.4755859375,0.128662109375,1.6688367044454304,1.3576413140276888,0.9161525736608713,3.6947140037322077,2.7850159461043007,1.843189937554835,228,1.05,0.09230025380050719,0.11534374517682626,evaluation,0.2830368455824156
0.36990349171719406,3.0991568825161426,1.8280793027869267,1.996023036629007,0.9158608238681889,-0.1679437338420804,0.3096807073272031,0.29588820533678317,0.5701771845015351,0.465087890625,0.1328125,1.6760212178702891,1.3574734896239533,0.916571063264889,3.740534625426988,2.8090471227514233,1.8427342750318392,228,1.1,0.011945600867346131,0.07121938448417452,evaluation,0.2531112594663312
0.36371441145218975,3.0888557045765204,1.7924122799993734,2.0357749933173905,0.8804569689101809,-0.24336271331801718,0.3134592413059714,0.2900090989766648,0.5715360969424359,0.4619140625,0.13134765625,1.6836681152954789,1.3574971093176365,0.9169367357722084,3.783587426410734,2.834738322462647,1.8427984018057444,228,1.15,-0.06765150000226015,0.039430992221177054,evaluation,0.22993554355561327
0.3575496485698321,3.074876569205961,1.755194663430154,2.070171826143916,0.8478497491193926,-0.3149771627137621,0.31717518724846994,0.28401624272522763,0.573402064243751,0.4599609375,0.135498046875,1.6901786736729714,1.3577804095593111,0.9172534023075033,3.8239743558695163,2.856703948938941,1.8435676405830559,228,1.2,-0.14539085525414044,0.018064578783522522,evaluation,0.18719879580666884
0.3514163631924496,3.0574187507205526,1.716835063534258,2.0992898568690492,0.8178170622397056,-0.38245479333479127,0.32082481442401034,0.2799502449860061,0.5736111267801446,0.460693359375,0.1376953125,1.6967943822745115,1.3583585849468383,0.9175246637482616,3.8617990552990453,2.879111175718358,1.8451380452987827,228,1.25,-0.22042286949729864,0.005421986244908341,evaluation,0.1481936412064365
0.34532130279775075,3.0366943254154473,1.6776307573543043,2.123239853500354,0.7901277637515034,-0.4456090961460495,0.3244055947425183,0.27784667113275063,0.5733667266205944,0.453125,0.13916015625,1.7030669932595441,1.3592300964446242,0.9177537930054898,3.8971616934965914,2.900437183530121,1.8475064550808684,228,1.3,-0.29211995915315925,0.0,evaluation,0.13119780347070495
0.33927078325042526,3.0129218666141253,1.6377972438229889,2.142157466149333,0.7645550197423328,-0.5043602223263441,0.3279161697800938,0.27377297889322394,0.575140142685434,0.451416015625,0.140625,1.707627853961532,1.360359669116458,0.9179436663439723,3.930155954301772,2.9159928876252845,1.850578429358644,228,1.35,-0.3600432495965736,0.0,evaluation,0.10957853147164384
0.33327068052809233,2.9863220290467605,1.5974982368517112,2.156197300590896,0.7408868550266361,-0.5586990637391847,0.3313562975427327,0.2703361652945354,0.5769292686517935,0.453125,0.142333984375,1.7112531464353609,1.3616868886860103,0.9180967378116403,3.960868119098235,2.9283873311849407,1.8541911828193924,228,1.4,-0.4239072336955329,0.0,evaluation,0.08530186060893849
0.327326429572914,2.9571147868953087,1.5568729043781215,2.165530405707009,0.7189337541856536,-0.6086575013288873,0.33472678406595296,0.2664197518677477,0.5781723083222999,0.448486328125,0.142578125,1.7142461963866322,1.3631384736207983,0.9182150492134928,3.989378001566671,2.9386400218260547,1.8581464982652454,228,1.45,-0.4835449339989448,0.0,evaluation,0.07379289534259312
0.3214430273114169,2.9255179561998945,1.5160573360483034,2.170344411876331,0.6985330658822138,-0.6542870758280275,0.33802940552309835,0.2627503979357339,0.5800997080674979,0.451171875,0.14306640625,1.7173034189692693,1.3646425465629315,0.9183002660253494,4.015761282091679,2.9491310328035603,1.862249279889768,228,1.5,-0.5388759452174153,0.0,evaluation,0.05465667413887118
0.31562503771698014,2.891746550319119,1.475198126689566,2.170845159570652,0.679550137505583,-0.6956470328810862,0.3412668264197546,0.26087263127379995,0.5799090336356418,0.44677734375,0.144287109375,1.720111529546384,1.3661424511923013,0.9183537281641178,4.0400926224610565,2.958783674078419,1.8663451969497151,228,1.55,-0.5898793930212198,0.0,evaluation,0.04102199612889765
0.3098765977147173,2.8560125077048615,1.4344573378510548,2.16725850147311,0.6618764383095224,-0.7328011636220553,0.3444425186251255,0.2588417111395189,0.5781054824701555,0.446044921875,0.1416015625,1.721922414179152,1.3676060429834902,0.9183765043260234,4.062448870325634,2.965016800452579,1.870346288804966,228,1.6,-0.6365732502904642,0.0,evaluation,0.029891932273801908
0.3042014235971615,2.8185243957555057,1.3940095812306579,2.1598310799827805,0.6454252807778708,-0.7658214987521226,0.34756068455374955,0.2566654647458553,0.5763164522831765,0.43896484375,0.142578125,1.7241445707826581,1.3690263813882861,0.918369439946702,4.082911710285455,2.9726745009593363,1.8742332329371112,228,1.65,-0.679000628446523,0.0,evaluation,0.014754963639515423
0.29860281829742086,2.779486816265528,1.3540332094605443,2.148829237482196,0.6301260173875325,-0.7947960280216515,0.3506261860301706,0.2530433093007573,0.5760681623404444,0.43017578125,0.14453125,1.7258719418953665,1.370413008511886,0.9183331915550834,4.101569276124215,2.9786339598217033,1.8780318138986045,228,1.7,-0.7172227320666555,0.0,evaluation,0.0015294536633461975
0.29308368026693143,2.7390993885425945,1.3146983542199335,2.134535717751946,0.6159177114190199,-0.8198373635320124,0.35364447858125203,0.24883883445905833,0.5761086432041476,0.430908203125,0.14599609375,1.7273625269754385,1.3717779889391895,0.9182682438774369,4.118516472761218,2.9837812995989936,1.881774850938053,228,1.75,-0.7513173061616546,0.0,evaluation,-0.02470054197256391
0.2876465148021985,2.6975553335291123,1.2761547091145085,2.1172443447896,0.6027432366297456,-0.8410896356750914,0.3566215494195143,0.24552673846388973,0.5756094196637935,0.4267578125,0.147705078125,1.726394165138106,1.37312396237307,0.918174909817221,4.133854017597042,2.9804368134229198,1.8854694160431267,228,1.8,-0.7813807892855934,0.0,evaluation,-0.04256776474442828
0.2822934484948763,2.655039798240038,1.2385215472245912,2.0972533042449557,0.590544568325512,-0.8587317570203645,0.35956385642513417,0.24251530277692912,0.5750266228876634,0.418701171875,0.146728515625,1.7234313985085408,1.3744401222922176,0.9180533167082795,4.147686446215624,2.970215785365126,1.8890856497666522,228,1.85,-0.8075321271427605,0.0,evaluation,-0.04226198196940459
0.2770262471249604,2.611728126383416,1.2018816417040088,2.0748579166218253,0.579259732474043,-0.8729762749178165,0.3624782650936954,0.23986444198996074,0.5735995003984057,0.417236328125,0.14794921875,1.7205084928672614,1.3757071028130174,0.9179033844779266,4.160119492186695,2.960149474028396,1.8925700327301926,228,1.9,-0.8299163281398534,0.0,evaluation,-0.06293566826431687
0.27184633688422,2.5677842928187937,1.1662797465647516,2.050343841850509,0.5688215423965876,-0.8840640952857575,0.365371980656807,0.23750680528407891,0.5736527657008836,0.41552734375,0.147216796875,1.719160593714217,1.3769066139756048,0.9177248022757202,4.171257318018481,2.9555131469798406,1.895871823609772,228,1.95,-0.8487062924188222,0.0,evaluation,-0.06782447343112821
0.26675482841066317,2.523359683595416,1.131725331208865,2.023981505901486,0.5591579408749547,-0.892256174692621,0.3682524732784714,0.23504737296384393,0.5742855667830207,0.420166015625,0.148193359375,1.7165058650864793,1.3780295418780277,0.9175170097250862,4.18120004006544,2.946392384876305,1.8989654182885731,228,2.0,-0.8641020912771873,0.0,evaluation,-0.08622524176534982
0.5000000000000001,2.8509333230898695,-0.10636740162884853,0.7936058874944873,-0.13403050973407427,-0.8999732891233359,0.310418812056698,-0.025271022439699073,0.6143348387208275,0.26123046875,0.293212890625,1.6372879614517322,1.2786993684407961,0.8715200936696136,2.595768671063949,2.680711868714785,1.635072074850896,229,0.0,-0.8999732891233359,0.0,evaluation,-0.5871655301927056
0.49433768385139043,2.8133595080430807,0.17817005212842124,0.7867274008359735,0.22646986991821874,-0.6085573487075522,0.3150658546812858,0.005221587980976513,0.6114021516988919,0.27880859375,0.2685546875,1.6275932351151272,1.2831346752614643,0.8691312166429546,2.599071836132768,2.649059738992542,1.6464345948583485,229,0.05,-0.7397428977239506,0.0,evaluation,-0.4124875283056838
0.48873651381059363,2.789509430131475,0.4429474633843352,0.794012246203469,0.5578597376832247,-0.3510647828191338,0.31935611630756866,0.03682929235147583,0.6089116260048042,0.291015625,0.252197265625,1.6268922638172427,1.2908308746830135,0.8675513310552881,2.615555842435905,2.646778438068409,1.6662443470349189,229,0.1,-0.5835877420946523,0.0,evaluation,-0.2600800737468184
0.4831707309793737,2.777691954078084,0.6868549791620332,0.8141444675173132,0.8436524555114377,-0.12728948835527998,0.32329183560706887,0.06761626263135664,0.6051889566725153,0.308349609375,0.239013671875,1.6318395280763183,1.3009710865270785,0.8667459251022227,2.6440737373310963,2.662900245392358,1.692525767979453,229,0.15,-0.4333840171165057,0.0,evaluation,-0.1414190288322318
0.477617949510714,2.7762259431353837,0.9089281013807746,0.8459443394005343,1.0744537897432742,0.06298376198024036,0.3268806642628744,0.09625007303412261,0.6007319156489265,0.321533203125,0.22119140625,1.6389348854623655,1.3126906678281385,0.866653170542049,2.683288625243607,2.6861075587855545,1.7231567894030897,229,0.2,-0.2910437431662877,0.01806145828199571,evaluation,-0.01372350467866848
0.472059133962726,2.7834440311516158,1.1083865601953058,0.8882732496408344,1.247799098580839,0.22011331055447136,0.3301348178088665,0.12482888435239811,0.5982123136418267,0.3388671875,0.204345703125,1.648516640359315,1.325171824262629,0.8671908192304201,2.7317174116308642,2.717607113541581,1.7560803638195495,229,0.25,-0.15845031625666664,0.07047342699343527,evaluation,0.10527904824299336
0.4664785623136906,2.7977032028860513,1.2846981763223202,0.9399620340069987,1.366755389944563,0.34473614231532146,0.3330700869547624,0.15293193693982782,0.5938571934136212,0.35986328125,0.1923828125,1.6590571802499827,1.3377094309080784,0.8682638697097891,2.7877846396403387,2.752470727339041,1.7894665215404202,229,0.3,-0.037383336112944414,0.13646120974154313,evaluation,0.18292164466766833
0.4608637612436186,2.8174017703612044,1.4376510226199526,0.9997670839018316,1.4379859526972758,0.43788393871812104,0.3357048196939882,0.1798864886565374,0.5886675564288435,0.377197265625,0.177001953125,1.6709788216111183,1.3497387395515352,0.8697720234364167,2.8498827948211813,2.7921702222728992,1.821794665046173,229,0.35,0.12814492777178643,0.21708014158768935,evaluation,0.2650926208375032
0.45520540227602857,2.841001143924742,1.5674092061433627,1.0663540904709847,1.469876863745206,0.5010551156723779,0.3380589667753954,0.20449698210617517,0.5832440987745245,0.39208984375,0.16259765625,1.6819901556966537,1.360831380030049,0.8716161608462804,2.916432990489168,2.829090883860472,1.8518620448744936,229,0.4,0.26157692154896234,0.2982843654945948,evaluation,0.33371061228111343
0.44949715170410576,2.86704975893264,1.674533149945146,1.1383051612490898,1.4710757773492305,0.5362279886960561,0.3401532528861741,0.22761940898348193,0.5771496142054582,0.402587890625,0.153076171875,1.6905546515963483,1.3706804632814273,0.8737033586248972,2.985939086760162,2.8579750300340683,1.8787649324213942,229,0.45,0.3640070231089129,0.3732313763795637,evaluation,0.3792091263471232
0.4437354729726193,2.894206204694343,1.7599606626903745,1.2141429965630572,1.4495497381053088,0.5458176661273173,0.3420085030219711,0.2459027093732768,0.5737145996583518,0.422607421875,0.14892578125,1.696671102535513,1.3790910917536094,0.8759502794177856,3.0570298497329484,2.878692830179092,1.901892239354168,229,0.5,0.4369000814967588,0.4369000814967588,evaluation,0.38279370233139426
0.437919385700821,2.9212591137516934,1.82495904334038,1.2923660153823011,1.4121069585697283,0.5325930279580788,0.34364512687853827,0.2596135717803781,0.5713562180249638,0.432861328125,0.1435546875,1.7040713220079426,1.3859752539314933,0.8782850310941003,3.1284869342703536,2.903859070489916,1.9209274045104734,229,0.55,0.4821088382177545,0.4821088382177545,evaluation,0.3936975026544315
0.4320501894943853,2.9471423150397547,1.871062893946004,1.3714895067941157,1.3642560768252985,0.49957338715188815,0.3450827480282624,0.26978697117744005,0.5698923796409731,0.44287109375,0.13818359375,1.7083755947870196,1.391340097262871,0.880647766673755,3.1992595442554492,2.918547172863921,1.935827266251461,229,0.6,0.5018553773790667,0.5018553773790667,evaluation,0.3975643553162687
0.42613116276684937,2.9709446258331638,1.9000079024881613,1.450088693906624,1.3102701306976117,0.44991920858153733,0.3463399584481362,0.2793616989815494,0.5679686828280543,0.44873046875,0.1357421875,1.713577727533774,1.3952645322465849,0.8829903643229691,3.2684682975121517,2.936348628299831,1.9467631149452873,229,0.65,0.4986816042227234,0.4986816042227234,evaluation,0.3922933571119296
0.4201672474394084,2.9919141983248037,1.913664151798272,1.526839691953874,1.2533497536662703,0.38682445984439795,0.3474341789696316,0.28835826208686005,0.5659623338162911,0.455810546875,0.12890625,1.7179706881742318,1.397871402406446,0.8852755111154336,3.335400994318828,2.951423285425862,1.95404445766577,229,0.7,0.47537591427544224,0.47537591427544224,evaluation,0.4008159519133684
0.4141647302507909,3.0094576144921943,1.9139692931427783,1.6005543893312995,1.1958164657824726,0.31341490381147885,0.3483816084857508,0.29403007529855885,0.5659433954182955,0.461669921875,0.1259765625,1.7240676985483618,1.3993075688759133,0.8874754539463874,3.3995024261349873,2.9724094291778633,1.958061672313425,229,0.75,0.4348844101382438,0.4348844101382438,evaluation,0.3948995466151828
0.4081309308109023,3.0231341401099767,1.902863230112258,1.6702060993450953,1.1392984559560584,0.23265713076716277,0.34919724674525615,0.2967371751985266,0.5661855955542171,0.466552734375,0.125,1.7328490323723007,1.3997384613922046,0.8895706113106906,3.460359891406653,3.002765768993638,1.9592677603006228,229,0.8,0.3802155439101998,0.3802155439101998,evaluation,0.37533760826287066
0.4020739054489444,3.032645822347104,1.8822288825407778,1.7349445945935735,1.0848927904707568,0.14728428794720427,0.3498949763754505,0.2969176318634707,0.5666666116817523,0.470458984375,0.124755859375,1.7429712221837934,1.3993530774741516,0.8915481798924847,3.5176860302899695,3.0379486813608843,1.9581890354363847,229,0.85,0.3143467330735623,0.3143467330735623,evaluation,0.34892768762954063
0.3960021742453447,3.0378244001850954,1.853844693713788,1.7941012422142402,1.0332999331887278,0.05974345149954785,0.3504876894708117,0.29532584878640245,0.568017462221603,0.466064453125,0.1259765625,1.7505555180964776,1.39836823594302,0.893400824308652,3.5713007496227163,3.0644446219380455,1.9554337232943997,229,0.9,0.24014016746838912,0.24014016746838912,evaluation,0.33022845380287147
0.38992447650121237,3.0386161625265267,1.8193525031618298,1.847186511062686,0.9849316743414052,-0.027834007900856106,0.3509874430673857,0.2922405032297778,0.5687928146394648,0.461181640625,0.131591796875,1.7565478738561808,1.3970213296250185,0.8951255036271152,3.6211139971472313,3.0854604331486875,1.951668595427261,229,0.95,0.16027287904884277,0.16696975895180433,evaluation,0.2895354851518628
0.38384955763410006,3.035065844617817,1.7802404294659162,1.8938825430703525,0.9399951628361279,-0.11364211360443632,0.35140562657906793,0.28648160312195925,0.571074366048015,0.4580078125,0.135009765625,1.7601499475272984,1.3955479882754718,0.8967224605927582,3.667110728538659,3.0981278377803703,1.9475541875797224,229,1.0,0.0771836405671078,0.11000894649297088,evaluation,0.25428172317065734
0.37778598851659007,3.0273004174364178,1.7378367948308193,1.9340328128681712,0.8985560034287148,-0.19619601803735187,0.3517531234179971,0.2812942667075129,0.5730542400684666,0.45556640625,0.136962890625,1.7595027301378328,1.3941505277303006,0.8981943774059967,3.709338648560431,3.0958498573625053,1.9436556939706817,229,1.05,-0.006963096982260618,0.06711687647109776,evaluation,0.22556013704991593
0.37174201687991304,3.015513306201369,1.6933096250182782,1.9676296902465242,0.8605834895722292,-0.27432006522824604,0.3520404493303992,0.27674866373558193,0.574508167511615,0.455810546875,0.138916015625,1.7581330921551888,1.392969428645384,0.899545685963113,3.747898463624726,3.0910319697311843,1.9403638291406535,229,1.1,-0.09029782327809452,0.03635531034721621,evaluation,0.19377475507265815
0.36572544962043163,2.9999493034745273,1.6476672287036758,1.994799662643694,0.8259813050700209,-0.34713243394001814,0.3522778522009486,0.27303924077467534,0.5744973201141348,0.4521484375,0.13623046875,1.757250582526971,1.3920698864614816,0.9007820114769894,3.7829357576399496,3.0879296097913986,1.9378585687928878,229,1.15,-0.17125375789164893,0.01596134071097601,evaluation,0.1835809662494512
0.35974356448077743,2.9808903033305514,1.6017579093677112,2.0157855569893632,0.7946072953117023,-0.414027647621652,0.35247536260215484,0.26902959178281827,0.5742705466509186,0.44775390625,0.13916015625,1.7578370013667883,1.391449058894793,0.9019097260659807,3.8146333849107976,3.089990923374201,1.9361304834992112,229,1.2,-0.2485646128737084,0.004329459638502512,evaluation,0.15210006076322616
0.3538030493451248,2.9586419834593185,1.5562695746595132,2.030925427888481,0.7662859272373878,-0.47465585322896775,0.35264279093004447,0.2642864545215252,0.5752703642654763,0.44384765625,0.144287109375,1.7564706715135554,1.391060731501567,0.9029355915762443,3.8432034782148925,3.0851892198873,1.9350499587256806,229,1.25,-0.3212546528925332,0.0,evaluation,0.11578474158577542
0.34790996705849414,2.9335216456475193,1.5117316943967027,2.040628609092449,0.7408166717161884,-0.5288969146957461,0.35278967461167743,0.25819109149088915,0.5773373668872878,0.443115234375,0.14208984375,1.7531082545033199,1.3908473222722346,0.9038664761074245,3.8688786621412614,3.0733885520076956,1.934456273871851,229,1.3,-0.38862256578675347,0.0,evaluation,0.10446378378193576
0.3420697431680425,2.9058475096535874,1.4685222073896314,2.045350336095629,0.7179807691003658,-0.5768281287059978,0.3529251861679453,0.25263653624724525,0.5791410883141944,0.4375,0.142578125,1.746684144342592,1.3907673095630737,0.9047091339763631,3.8919026311805185,3.0509055000978322,1.9342337093493165,229,1.35,-0.4502199144501492,0.0,evaluation,0.09239725245190449
0.3362871733612095,2.8759297732643754,1.4268808086698783,2.045566945723836,0.6975478420066902,-0.6186861370539578,0.35305801840438356,0.24824538949590708,0.5805996863310326,0.436279296875,0.14697265625,1.7409932991793347,1.3908093252062332,0.9054700424449093,3.9125206995239323,3.031057667787363,1.9343505790806235,229,1.4,-0.5058245838621485,0.0,evaluation,0.06173891214390345
0.33056644681065517,2.844063674625996,1.386928260358098,2.041753728330933,0.6792828347088983,-0.6548254679728349,0.35319626562204925,0.24459580157125776,0.5817342758329509,0.43310546875,0.1533203125,1.7358512569744768,1.3909901412076573,0.9061552898069383,3.930971131676326,3.013179586339891,1.9348535729369043,229,1.45,-0.555409774639417,0.0,evaluation,0.028581111229600414
0.32491118130865915,2.8105246380584514,1.348689754590394,2.034367061689008,0.6629530039041533,-0.6856773070986142,0.35334731911126854,0.24160871593947666,0.5830352954209511,0.43115234375,0.15576171875,1.73115875306699,1.3913397347670513,0.9067705087452176,3.9474779988419604,2.9969106283204754,1.9358262575416545,229,1.5,-0.599109608515086,0.0,evaluation,0.01248157391571722
0.31932446609786375,2.775565397252503,1.3121194757873034,2.023831682782869,0.6483342893333274,-0.7117122069955655,0.3535177916646676,0.23961161107828854,0.5828718697464562,0.423583984375,0.154296875,1.7279008871384538,1.3918804049987163,0.9073208472336081,3.9622460429995003,2.985641475773875,1.9373310618193968,229,1.55,-0.6371830340839051,0.0,evaluation,0.017511052194161353
0.3138089086924213,2.7394148225238184,1.277123535420138,2.010533116258594,0.6352163638054071,-0.733409580838456,0.35371348033782674,0.2362416892773796,0.5828138877027483,0.423095703125,0.154296875,1.7255898151586293,1.3926078145175589,0.9078109678029035,3.9754576829243153,2.977660210179213,1.9393565250553784,229,1.6,-0.6699781649027106,0.0,evaluation,0.002118379469150833
0.3083666826506125,2.7022780710393923,1.243579209794289,1.9948146026156357,0.6234059085810212,-0.7512353928213467,0.35393937038790313,0.23586935236195333,0.5813342449667522,0.42236328125,0.157470703125,1.7246710700802348,1.393480334109117,0.908245065538077,3.9872719773505243,2.974490299971723,1.9417874415488627,229,1.65,-0.6978992513650649,0.0,evaluation,-0.021393892664234415
0.3029995740674773,2.6643376467373585,1.2113495335813398,1.9769774804049183,0.6127280384262318,-0.7656279468235785,0.35419967739955993,0.23695941968271791,0.580351478291784,0.422119140625,0.1533203125,1.7253571014047901,1.3944201494749122,0.9086268960481014,3.997825146799329,2.97685712736796,1.944407553261643,229,1.7,-0.721378135771316,0.0,evaluation,-0.010012758909224428
0.2977090253560578,2.6257549933658444,1.180293405630943,1.9572838870880316,0.6030261697943757,-0.7769904814570885,0.354497919973865,0.2374239215876787,0.5798351688759216,0.419921875,0.155029296875,1.7259936076509828,1.3953260786497383,0.9089598066712729,4.00723217442682,2.9790539336520756,1.9469348657600622,229,1.75,-0.7408513598727644,0.0,evaluation,-0.017754751463455454
0.2924961755609241,2.586672327674698,1.1502721672377825,1.9359607826970888,0.5941608825542828,-0.7856886154593063,0.35483701253900773,0.23748754805870648,0.5779100605949438,0.41943359375,0.151123046875,1.7260738919636174,1.3960945784517758,0.9092467668486333,4.015589041518056,2.979331080518451,1.9490800719824481,229,1.8,-0.7567432672743768,0.0,evaluation,-0.01366602503350059
0.2873618969316367,2.547214522419096,1.1211539798655408,1.913204562484433,0.5860084184670991,-0.7920505826188922,0.3552193669710178,0.2371983163124921,0.5762798139299813,0.420654296875,0.1513671875,1.7258321410606903,1.3966427236934145,0.9094903962988717,4.022975263104004,2.978496579118148,1.9506108976457666,229,1.85,-0.769454671551358,0.0,evaluation,-0.027704695240717198
0.2823068277654874,2.50749094462544,1.092817258286579,1.889185806694181,0.5784593841507104,-0.796368548407602,0.35564699257602855,0.2371392413274054,0.5755518939083231,0.419677734375,0.149169921875,1.7228282060675855,1.396925984181972,0.9096929917998414,4.029456524335186,2.968137027622077,1.9514022052827773,229,1.9,-0.7793561077656727,0.0,evaluation,-0.02293339259580815
0.2773314016421541,2.4675972248458393,1.0651540077704702,1.8640539428096359,0.571418017101476,-0.7988999350391657,0.3561215861332212,0.23725833173227812,0.5757801058161303,0.4228515625,0.149658203125,1.717475881431607,1.396945173386131,0.9098565546333532,4.035087335893803,2.9497234032992976,1.9514558174468142,229,1.95,-0.7867844360671881,0.0,evaluation,-0.029092583824920776
0.2724358731796429,2.4276169688560882,1.0380733349388076,1.8379417300923553,0.5648020924399193,-0.7998683951535477,0.3566446065610013,0.2367353608775042,0.5773251516389994,0.421875,0.1533203125,1.7112752071417017,1.3967408559029306,0.909982820918713,4.039913698473578,2.9284628345778962,1.9508850185484579,229,2.0,-0.7920416188854857,0.0,evaluation,-0.036364041353008275
0.5000000000000001,2.812658412149514,-0.14139346851300516,0.7592513234183583,-0.18622749036038933,-0.9006447919313635,0.2500386831034451,-0.04090353126799122,0.6072112839565917,0.24609375,0.296142578125,1.5772564320921532,1.2747327105047774,0.9050892398522643,2.5590452972179523,2.487737852576084,1.624943483230862,230,0.0,-0.9006447919313635,0.0,evaluation,-0.5917473489898951
0.4944148193063157,2.7743016664806013,0.11320349276832123,0.7517448062155312,0.1505876619729713,-0.63854131344721,0.25479237421385026,-0.010573302862059784,0.6075326592749156,0.266357421875,0.2763671875,1.578997387202676,1.2797258421906983,0.9029607781642361,2.5615128285749504,2.4932327487928925,1.6376982311706973,230,0.05,-0.7565313886469164,0.0,evaluation,-0.4329067623652302
0.4888937474312657,2.7483091611953663,0.35064327545966123,0.7566106536265548,0.4634395164527124,-0.40596737816689354,0.2595828408395999,0.01899968420283535,0.6067799603892133,0.28369140625,0.26025390625,1.5882005948156825,1.2869957806946062,0.901238518108977,2.575856584987647,2.5223811293729037,1.6563581395257243,230,0.1,-0.6156889395474996,0.0,evaluation,-0.2985344321594595
0.4834135131652153,2.7332283376539452,0.570681344189335,0.7726629694374898,0.7385902609061226,-0.20198162524815477,0.2644003768342849,0.0471979971768209,0.6055553376198034,0.30029296875,0.246826171875,1.6026568768200684,1.2959765789656068,0.8999142351237903,2.6010704598483496,2.5685090648186724,1.6795552932274032,230,0.15,-0.47950525015306306,0.0,evaluation,-0.18633212218596032
0.47795370593546294,2.727650741317496,0.7731389094288625,0.7988837335167456,0.9677740038909637,-0.025744824087883034,0.26923553463273575,0.07497697367643222,0.6043493181335906,0.315185546875,0.234130859375,1.6174926157023264,1.306064223836454,0.89896730057317,2.63603372336228,2.6162823618515705,1.7058037567855244,230,0.2,-0.34938321952605783,0.0,evaluation,-0.07805791312396618
0.47249669102455055,2.730209339244607,0.9579257389284759,0.8343513241177728,1.148108370225658,0.12357441481070308,0.27407891201340295,0.10256674725724962,0.6023254348654961,0.32958984375,0.22119140625,1.6300004814864535,1.316679549874448,0.8983672579651606,2.6795427083249304,2.656901569646087,1.7336450370575842,230,0.25,-0.22669866873428268,0.03205503087325726,evaluation,0.025950303040680328
0.4670275257555157,2.73958007642712,1.125058249837789,0.8781845098605022,1.281118303961547,0.2468737399772868,0.2789209634853208,0.1290521349119217,0.6005623404481182,0.347412109375,0.21044921875,1.6383971472473566,1.3273169295106995,0.8980767630555675,2.7303465979930777,2.6843452121082936,1.7617702313657166,230,0.3,-0.11275684771467782,0.08374054813340992,evaluation,0.11202632063910509
0.46153386924913486,2.7544865611712552,1.2746694641560334,0.9295012630008718,1.3713477484051981,0.34516820115516167,0.28375186472997826,0.15515699152401274,0.5970446854001492,0.35986328125,0.196533203125,1.6450225664868579,1.337576907510362,0.8980545178026855,2.7871839258974895,2.7060992442510265,1.7891119835049898,230,0.35,0.04416669195753715,0.15160864951611538,evaluation,0.20559878573007592
0.45600588061177366,2.7737067825852515,1.4070122638058122,0.987391197709895,1.4249795492092343,0.4196210660959172,0.2885614458609247,0.17924381105889597,0.5917367651675273,0.37744140625,0.1796875,1.650704015839555,1.34717789614603,0.8982579081625095,2.8488165610574447,2.7248237479088506,1.8148882838644491,230,0.4,0.17500726364212915,0.22508775765932382,evaluation,0.283249536694946
0.4504361024338613,2.7960809506458473,1.5224588986988508,1.050900295444649,1.4487186893925836,0.47155860325420185,0.29333919721444535,0.2026276883204314,0.585726583818417,0.392333984375,0.16650390625,1.656930381369282,1.3559445391439413,0.8986451665548469,2.914058874050621,2.745418288704571,1.8385855932342812,230,0.45,0.28082773391131227,0.29774356749009934,evaluation,0.3407923390283819
0.4448193280910996,2.8205197498334753,1.6214988146360247,1.1190265206829155,1.449026260473668,0.5024722939531092,0.2980743424134526,0.22349203891723127,0.5794506285980817,0.4072265625,0.15966796875,1.665861280601559,1.3637806479331338,0.8991769874312596,2.9818008791740476,2.7750938062074835,1.8598976556769244,230,0.5,0.36280130342071587,0.36466696692008166,evaluation,0.3592120153037971
0.43915245261045793,2.846012433163056,1.7047352923514842,1.1907248256643084,1.4316786343985128,0.5140104666871759,0.3027559685757197,0.24180668387464588,0.5748461857567468,0.419921875,0.150146484375,1.6762027131461845,1.3706416577296168,0.8998176076484863,3.0510250800835457,2.8096555355586474,1.8786585539037983,230,0.55,0.42223530379039903,0.42223530379039903,evaluation,0.38773661769296897
0.4334343079279655,2.871634257267038,1.7728803697183384,1.264919908426879,1.4015751969017436,0.5079604612914594,0.3073732020668395,0.257495452064947,0.57322738273721,0.43310546875,0.14599609375,1.6857323413685878,1.376517018846224,0.900535415886085,3.1208174059335754,2.8416935267360386,1.8947991031733016,230,0.6,0.46058079522608086,0.46058079522608086,evaluation,0.3988227402127786
0.42766548431256696,2.8965528097435684,1.826747319275397,1.3405249680936147,1.3627104028306523,0.48622235118178225,0.311915418332805,0.2716420903325407,0.5712864066644797,0.447021484375,0.14208984375,1.6928545420978018,1.3814223339270701,0.9013031806441972,3.190373024912772,2.8657565007011763,1.9083276646725202,230,0.65,0.47942970547725877,0.47942970547725877,evaluation,0.40173164262711397
0.42184814057194925,2.9200328383582046,1.8672401436700838,1.4164645899432453,1.3182399030143777,0.45077555372683853,0.31637247433151844,0.28394366870508353,0.5689129196038786,0.46142578125,0.1357421875,1.698866866832859,1.385395220876426,0.902097991782704,3.2589979902114314,2.886148631222513,1.919319918027247,230,0.7,0.4805014195122096,0.4805014195122096,evaluation,0.4055443045233679
0.4159858063659889,2.9414392650199606,1.8953396556121862,1.491699749461477,1.2705905838600753,0.4036399061507092,0.32073495113500805,0.2946948976867208,0.5660138934745716,0.4619140625,0.1259765625,1.7039666834964111,1.3884905788278454,0.9029010033720266,3.3261076315842963,2.903502458465776,1.927906087493692,230,0.75,0.4656206065069105,0.4656206065069105,evaluation,0.4375709707774069
0.41008318050695153,2.960238149757442,1.9120856638044632,1.5652527464925425,1.2215826920534798,0.3468329173119207,0.3249943928154415,0.30158422889754405,0.5637870918108151,0.467529296875,0.125,1.708145556018063,1.3907746303350643,0.9036970515884498,3.391222400565763,2.9177612405442757,1.934254072383641,230,0.8,0.43668790379222633,0.43668790379222633,evaluation,0.4186452487241302
0.40414592950695394,2.9759954611531105,1.9185549407306053,1.6362297621451256,1.1725461699311388,0.2823251785854797,0.3291435268998645,0.30637262101499524,0.5624599514304633,0.4697265625,0.121337890625,1.7098849445595055,1.3923184986334094,0.9044742048926668,3.453961605789427,2.9237065236312803,1.9385508016367976,230,0.85,0.3956450554790951,0.3956450554790951,evaluation,0.4142579156159348
0.3981804908130071,2.988373623037928,1.9158353834305073,1.703838845817814,1.1244228807982943,0.21199653761269333,0.3331764525463978,0.30866737277957057,0.5611569914142622,0.464599609375,0.119140625,1.7120411111831282,1.3931922921178583,0.9052232881039722,3.514035264836554,2.931084766381178,1.9409847628166177,230,0.9,0.34443632210375924,0.34443632210375924,evaluation,0.40840079861753686
0.392193885087162,2.9971259579366887,1.9049980920392462,1.7674016430322206,1.0778523939645999,0.1375964490070256,0.33708878551209004,0.30705247042391604,0.5606902553982174,0.465087890625,0.121337890625,1.7114048298235105,1.3934616937372772,0.9059374094427881,3.5712342546132554,2.9289064915432568,1.941735491913167,230,0.95,0.28496840409685636,0.28496840409685636,evaluation,0.36945054519546033
0.3861935414672456,3.00208933309556,1.8870704759673407,1.8263580883519688,1.0332423241655508,0.0607123876153719,0.3408777534052698,0.30474415180708614,0.5606577890228034,0.46826171875,0.1220703125,1.71008839289985,1.3931895240430487,0.9066115110258841,3.625419088792672,2.9244023115308093,1.9409770499033026,230,1.0,0.21907158920167097,0.21907158920167097,evaluation,0.33303725768651593
0.38018713894020406,3.0031755028024354,1.8630142101282763,1.8802644456129536,0.9908256333172041,-0.0172502354846773,0.3445422394752973,0.3032752178294056,0.5618875372072741,0.466796875,0.12060546875,1.7074227038667693,1.392442287001361,0.9072419581435717,3.676507918688413,2.9152922896797273,1.9388955226295865,230,1.05,0.1484650914997423,0.1526155090662738,evaluation,0.3226725445065941
0.3741824658218131,3.0003617776031057,1.8337113781926835,1.9287861753340467,0.9507074457722628,-0.09507479714136324,0.3480827770423221,0.30098755930587695,0.5619567671757442,0.46337890625,0.12548828125,1.7022254622949566,1.3912973875842571,0.9078261794507849,3.7244646113078534,2.897571524485296,1.9357084206987847,230,1.1,0.07472936498951822,0.10100249580614563,evaluation,0.28492259370050405
0.3681872980192117,2.9936816861274966,1.7999604728855798,1.9716878284541162,0.9129033749205737,-0.17172735556853636,0.35150149882137494,0.29797970287167064,0.5621831500044544,0.462646484375,0.126953125,1.6977084090316963,1.389844802379788,0.9083623672811967,3.769287873560438,2.8822138420969505,1.9316685747021185,230,1.15,-0.0007125585848173666,0.062115771943263995,evaluation,0.2555987256570521
0.362209295488932,2.9832162061846903,1.7624816286748646,2.0088223065609982,0.8773705981452106,-0.24634067788613367,0.35480204582540215,0.29429854671399613,0.5617025634937138,0.4580078125,0.12353515625,1.6960115728396559,1.388180212740073,0.9088492434726507,3.811002289738102,2.876455255206061,1.9270443030430806,230,1.2,-0.07660386050879564,0.034105348742473784,evaluation,0.24599194770123556
0.3562559153297884,2.969085947046203,1.721928344910201,2.040121382601451,0.8440323010165661,-0.31819303769125007,0.3579894399361034,0.2899894748732793,0.5632591717812693,0.45751953125,0.12353515625,1.695097457801097,1.386392813480218,0.9092858910898877,3.849651827888395,2.87335539144376,1.9220850332696002,230,1.25,-0.1518534307859157,0.015345049568423657,evaluation,0.22466110375771367
0.35033433943003683,2.9514444174190553,1.678901708518049,2.065588514814388,0.8127958189527955,-0.3866868062963389,0.36106992366908786,0.28470790665614343,0.5673488067963748,0.45947265625,0.13330078125,1.6948448978826869,1.3845550199094314,0.9096716468071552,3.8852959288744042,2.872499227878994,1.9169926031564122,230,1.3,-0.2255279518329263,0.004399676033780233,evaluation,0.17083278141949856
0.3444514145599914,2.9304722808715815,1.6339630685159023,2.085293989670757,0.7835648482226171,-0.4513309211548546,0.36405077105869893,0.2807963834112066,0.5688223462729478,0.454833984375,0.13427734375,1.693701200093229,1.3827197898800743,0.9100060435237204,3.9180078364556614,2.8686237551972633,1.9119140173260032,230,1.35,-0.2968393249648537,0.0,evaluation,0.15550987442493655
0.3386136031739292,2.90637234049913,1.5876421446609978,2.099371584871172,0.7562463720582479,-0.5117294402101742,0.3669400753268187,0.2757097408844069,0.5694961830985494,0.44677734375,0.139404296875,1.6909721719743258,1.3809256446380924,0.9102887891265941,3.9478744710010845,2.8593868863915874,1.906955636019137,230,1.4,-0.3651304306290245,0.0,evaluation,0.12367274443996484
0.33282694377625427,2.879364938629098,1.5404392380247143,2.1080154610254502,0.7307532921392157,-0.567576223000736,0.3697465217439081,0.27160378351507264,0.5712971050373615,0.448486328125,0.14208984375,1.6883437965099364,1.3792042885836238,0.9105197659415843,3.974996970779651,2.8505047752136043,1.9022044696474663,230,1.45,-0.4298617911877525,0.0,evaluation,0.09540927292413151
0.3270970203049474,2.8496835033460446,1.4928219862013818,2.1114759525317677,0.707004019823864,-0.6186539663303858,0.37247915693117345,0.26761022648455374,0.5723147215715239,0.446533203125,0.142578125,1.686275769564924,1.3775847511419939,0.910699036520709,3.999491047472795,2.8435259710217964,1.8977397465789552,230,1.5,-0.4906007816207186,0.0,evaluation,0.07902490605438026
0.32142894041261244,2.817570091422982,1.445218469875935,2.110053283361261,0.6849203673064307,-0.6648348134853259,0.3751471676789481,0.26380608401843725,0.5726465687288848,0.443359375,0.14013671875,1.6844400256537806,1.3760913600702214,0.9108268446149587,4.021486498525043,2.837338200024528,1.8936274312599173,230,1.55,-0.547013890241341,0.0,evaluation,0.07432437831645652
0.31582732268223906,2.783270921723541,1.398009138583087,2.1040888328081575,0.6644249600038403,-0.7060796942250704,0.37775968228882556,0.2597450680245564,0.5727128268584674,0.440673828125,0.14453125,1.6818599705909212,1.374737593901155,0.9109036046596867,4.0411255228095095,2.8286529606761137,1.8899034520851432,230,1.6,-0.5988614814781501,0.0,evaluation,0.04165202421829631
0.3102962926937868,2.7470320196788016,1.351519945350912,2.0939542304389325,0.6454391054515111,-0.7424342850880206,0.38032560516396285,0.25778046116604925,0.5714308994327637,0.43798828125,0.143310546875,1.6791779009762966,1.373520472256922,0.9109298778566605,4.058559817866568,2.8196384231271807,1.8865584877088846,230,1.65,-0.6459938062613066,0.0,evaluation,0.03257968748038745
0.3048394875293582,2.709095170426538,1.3060184351317279,2.08003909747759,0.6278816762220973,-0.7740206623458623,0.3828534912122638,0.2571625825190131,0.5692926725728227,0.435302734375,0.139404296875,1.6780812735824338,1.3724192025940618,0.9109063370473331,4.07394672419751,2.8159567607480627,1.8835344676489267,230,1.7,-0.6883467674714954,0.0,evaluation,0.034569555782892086
0.29946006788422785,2.6696943929762464,1.2617135993602169,2.062738561782017,0.6116691774406021,-0.8010249624218,0.38535146145716853,0.25562221022300063,0.5670053192222723,0.431884765625,0.1396484375,1.6754574523465382,1.3713985574574168,0.9108337253749821,4.0874448747094725,2.8071576746235727,1.88073400339629,230,1.75,-0.7259361631578684,0.0,evaluation,0.019457633204649744
0.29416073656000674,2.6290531057863085,1.2187593681986009,2.0424417173897917,0.5967168403493814,-0.8236823491911909,0.3878271561682798,0.25336209759822614,0.5666445662023436,0.424560546875,0.138427734375,1.6712448400042188,1.3704145221005706,0.9107128149200329,4.099209883261803,2.7930593152407477,1.8780359623841412,230,1.8,-0.7588496719839655,0.0,evaluation,0.024164843587564405
0.2889437618516886,2.587382073494255,1.177260873802322,2.0195220054464706,0.5829403545132732,-0.8422611316441486,0.3902877178232146,0.2502925254184598,0.5671172427557404,0.423583984375,0.137939453125,1.666943861599146,1.369419144782802,0.9105443711050871,4.109390568856512,2.778701837723094,1.8753087940976672,230,1.85,-0.7872365273804076,0.0,evaluation,0.01792230239448364
0.2838110042562224,2.544878128906035,1.1372822001890055,1.9943301346177194,0.5702577424108392,-0.8570479344287139,0.39273979392727815,0.24513084002194943,0.5696037123415499,0.426025390625,0.142333984375,1.6608629189253477,1.3683634047811852,0.9103291270358189,4.118126084262721,2.758465635461247,1.8724184075443642,230,1.9,-0.8112954593337814,0.0,evaluation,-0.008673962142093289
0.27876394503291557,2.501723576769307,1.0988542693985202,1.9671897304622095,0.5585908935892697,-0.8683354610636893,0.3951895493168296,0.24100410488269144,0.5711868592817734,0.41845703125,0.147216796875,1.6526287093162138,1.3671996825035553,0.9100677696002698,4.125544135027482,2.731181650856195,1.869234971837829,230,1.95,-0.83126191693889,0.0,evaluation,-0.020000494609700464
0.27380371540013054,2.4580861243037977,1.0619817604028143,1.9383954987916059,0.5478663982994455,-0.8764137383887916,0.3976426788058576,0.23764208965133457,0.573821385678759,0.41748046875,0.151123046875,1.6451508894313167,1.365886867712012,0.9097609367075754,4.131760277818085,2.706521448996673,1.8656469353881375,230,2.0,-0.847395740199173,0.0,evaluation,-0.030336991694140197
0.5,2.788068083794222,-0.1072163966935018,0.7566243180291585,-0.1417036092268051,-0.8638407147226603,0.27526205085192756,0.015799379637893473,0.6069967228261752,0.281982421875,0.264404296875,1.5669124700124046,1.2743716828339753,0.8908216611988979,2.563886082914527,2.4552146886803903,1.624023186009103,231,0.0,-0.8638407147226603,0.0,evaluation,-0.3306325270781937
0.4944625549530749,2.7510291483214298,0.12717299062595355,0.7490547370804328,0.1697779672572818,-0.6218817464544792,0.27820389702415144,0.04688792534897024,0.6042258072138429,0.29931640625,0.24462890625,1.570204398690885,1.2713766556232198,0.8897605783260512,2.565934372720474,2.46554185366822,1.6163986004636886,231,0.05,-0.7308034480141633,0.0,evaluation,-0.20359085250528444
0.48898751349285097,2.7254593459843193,0.34806813363416655,0.7530607845967231,0.4622045666878843,-0.40499265096255654,0.28102610677230155,0.07699915414324449,0.5999072795219526,0.312744140625,0.2265625,1.5749986757720278,1.270269787368672,0.8892219633557891,2.579101470828884,2.4806208286836577,1.6135853327016558,231,0.1,-0.5999058395090932,0.0,evaluation,-0.08782568834622242
0.48355317494243055,2.710124087114772,0.5551237957318425,0.7675702442104924,0.7232221414508216,-0.2124464484786499,0.28372022591513324,0.10703917407691735,0.5961516261302912,0.328857421875,0.21044921875,1.581772616915458,1.2710370171795928,0.8891803374321855,2.602494903037294,2.502004611623593,1.6155350990408015,231,0.15,-0.4723624107679036,0.0,evaluation,0.01808564566462087
0.4781402752148962,2.703820234206267,0.7479676906081059,0.7916670027876904,0.9448008922618898,-0.04369931217958456,0.28628070791236515,0.13628858207271943,0.5921479653669705,0.34716796875,0.19287109375,1.5887958395265391,1.2735602791560865,0.8895969028881011,2.6351230552626426,2.5242722196968574,1.6219557846441344,231,0.2,-0.349437383288394,0.0,evaluation,0.12407207396733208
0.47273193177184414,2.7053688464702628,0.926213002609286,0.8245282134541106,1.1233248147194355,0.10168478915517531,0.28870510893572937,0.16469580062456318,0.5877905159656194,0.36669921875,0.17919921875,1.595286509849103,1.2776286340940421,0.8904223966098923,2.675917703682813,2.5449390485065493,1.6323349266570135,231,0.25,-0.23241692086143362,0.026376892504025726,evaluation,0.21052804298131486
0.46731359941660583,2.7136115723077805,1.089473831118007,0.8653690413996183,1.2589701953699768,0.22410478971838865,0.29099406067413053,0.19045573730805304,0.5842434064925263,0.38916015625,0.171142578125,1.6023285151740183,1.2829604491108972,0.8916003436062936,2.7237576330987774,2.567456670539791,1.6459875139828408,231,0.3,-0.12257750859505938,0.07395034961542472,evaluation,0.26549760522084787
0.4618730298273419,2.727410503145129,1.2373868251336266,0.9133961808797729,1.3547098740239856,0.3239906442538537,0.29315105682705905,0.21295886395726604,0.5815072917992029,0.404296875,0.159423828125,1.6093574640992114,1.28923080581603,0.8930703648436946,2.777492486708245,2.5900314472518615,1.6621160706650553,231,0.35,0.028847244404485783,0.13849777932772128,evaluation,0.33871890927506987
0.45640022800097074,2.7456514020759357,1.369642267095748,0.9677721601173273,1.4152528079849913,0.40187010697842074,0.2951820984411062,0.23208457690392575,0.5803705456499636,0.41796875,0.15185546875,1.619207191399156,1.2960994076495918,0.8947712526183389,2.835966597444348,2.6218319286787595,1.6798736745096279,231,0.4,0.15720543363002346,0.21008259304723062,evaluation,0.39058414435761735
0.4508873989444364,2.7672501973549304,1.4860244469578276,1.0275927007024068,1.4461220344812313,0.4584317462554208,0.29709524622588146,0.24954118968614047,0.5772437502163466,0.427978515625,0.146240234375,1.6282304031839678,1.3032357325727608,0.896643611431343,2.89804285059216,2.6511342458526443,1.6984233746544657,231,0.45,0.26303666620861416,0.28230004767194966,evaluation,0.42525565064342785
0.4453288783591129,2.791162409689314,1.586456694584151,1.0918787183994756,1.4529605420917533,0.49457797618467536,0.29890012571489216,0.26472782252571425,0.5734263896488709,0.440673828125,0.14013671875,1.6373200709310065,1.3103398628298764,0.8986319487854478,2.9626263945163163,2.680817014673534,1.7169905561210248,231,0.5,0.34695672377600073,0.3501235044618013,evaluation,0.44497562725508144
0.43972104207799034,2.8163948167332276,1.6710432359723608,1.1595830546765518,1.4410724865572249,0.5114601812958091,0.30060742507494964,0.27751207958574736,0.5700560630553826,0.447509765625,0.133544921875,1.6451947508425204,1.3171589364816787,0.9006861750704452,3.028687428714676,2.7066657681998,1.7349076639535523,231,0.55,0.40971452354162585,0.40971452354162585,evaluation,0.4688004885152245
0.43406219079621516,2.8420182825542435,1.7400995099120753,1.2296101620469508,1.4151635726686782,0.5104893478651245,0.3022284171852931,0.28869163928005515,0.567941037094646,0.454345703125,0.1298828125,1.651611271529996,1.3234996144400917,0.9027625300800791,3.0952817291259356,2.727819792244947,1.7516512294230768,231,0.6,0.45223684091032224,0.45223684091032224,evaluation,0.4807963975924826
0.42835240905359684,2.8671804402776457,1.7941648421387346,1.3008453052558826,1.3792299782992365,0.493319536882852,0.30377452887663664,0.298845992114265,0.5662597746787428,0.468505859375,0.127685546875,1.655593512658397,1.3292359239304166,0.904823995785986,3.161567347475882,2.740989879156587,1.7668681414671539,231,0.65,0.47565675420912035,0.47565675420912035,evaluation,0.47412149399700676
0.4225934001030793,2.891116907526431,1.83399540518658,1.3721888572373455,1.3365473677428037,0.4618065479492346,0.3052569721510924,0.30690612953910257,0.5654790168312397,0.4755859375,0.127197265625,1.6565579917256448,1.3343102480404971,0.9068402822277706,3.2268161742806565,2.744184379950119,1.7803838380258987,231,0.7,0.48132294625677857,0.48132294625677857,evaluation,0.4697007362141644
0.4167883007453832,2.913159945916644,1.8605396061089627,1.4425911736667592,1.2897206360828257,0.4179484324422036,0.3066864454949105,0.31278455340644223,0.5654767294395134,0.48193359375,0.124267578125,1.654000533569804,1.3387247892231176,0.9087874871093192,3.2904196920643485,2.7357177650492135,1.7921840612804858,231,0.75,0.4707890451893718,0.4707890451893718,evaluation,0.473555609789157
0.4109414820072544,2.9327438757076254,1.874901004934445,1.5110842273627183,1.240765386193391,0.3638167775717267,0.30807290822672573,0.31583625856046743,0.5651922109193775,0.484375,0.122314453125,1.6506547046519888,1.3425226987075156,0.9106475312621788,3.3518890323931805,2.724660953989762,1.8023671965449164,231,0.8,0.4457846256185385,0.4457846256185385,evaluation,0.46918571003568743
0.4050583424659479,2.9494070079204384,1.8782948457320192,1.5768073533295341,1.1912012217382637,0.30148749240248507,0.3094254269776575,0.3185161618023208,0.562431001303407,0.48291015625,0.122802734375,1.6489097747835462,1.3457620126932175,0.9124074635103305,3.4108501324433522,2.718903445376742,1.8110753948081053,231,0.85,0.40817166702351093,0.40817166702351093,evaluation,0.44786165161989777
0.3991451010902064,2.962790246262477,1.872003432203999,1.6390257064769476,1.1421440339870155,0.23297772572705133,0.31075209046397617,0.3211431727799666,0.5585619588510014,0.485107421875,0.119384765625,1.6454319227110292,1.3484898804522485,0.9140587125556019,3.4670351892096916,2.707446212276531,1.8184249576821252,231,0.9,0.3598916433013077,0.3598916433013077,evaluation,0.4321843741949688
0.39320859587883394,2.972632771150462,1.857333713093983,1.697141061178941,1.0943897096000743,0.16019265191504206,0.3120599862903826,0.3213660136450497,0.5563069144798422,0.482177734375,0.117431640625,1.6412578302827758,1.3507266035914973,0.915596343894272,3.5202716843019752,2.6937272654645423,1.8244623576498273,231,0.95,0.30290876922521043,0.30290876922521043,evaluation,0.4192837571215703
0.3872560936119169,2.9787653380368644,1.8355785751842832,1.7506952545187358,1.0484854919475302,0.08488332066554749,0.31335523138308996,0.3196489061274156,0.5562504398249045,0.479248046875,0.1171875,1.6375038144893415,1.3524663630871028,0.9170183600866643,3.5704700680942665,2.6814187424671605,1.829165263282061,231,1.0,0.23915437377050416,0.23915437377050416,evaluation,0.40368121953805924
0.3812951149350209,2.981101740069758,1.8079822304390127,1.7993669391470932,1.004787956866654,0.008615291291919513,0.31464304579469893,0.3172644195737546,0.5571051501447133,0.48046875,0.119384765625,1.634228514310792,1.353694256508245,0.91832506583398,3.61761088435634,2.6707028369864747,1.8324881401034163,231,1.05,0.17047626276296743,0.17047626276296743,evaluation,0.3743691247507054
0.37533327792029,2.9796289586408644,1.7757099511410717,1.842962514828114,0.9635084473254657,-0.06725256368704224,0.3159278582296756,0.3125321418462767,0.5612290935303342,0.478515625,0.12255859375,1.6303699255777604,1.3544109311719328,0.9195185069522415,3.6617318259668625,2.6581060942284487,1.8344289704780277,231,1.1,0.09859569008875213,0.11477669944186594,evaluation,0.3545566199695359
0.3693781622277861,2.974396501762089,1.7398229385215127,1.881402295423547,0.9247479620672189,-0.14157935690203427,0.31721343096337246,0.30883276348294425,0.564112071227459,0.481201171875,0.124755859375,1.6308716673686872,1.3546518543100878,0.9206019847901119,3.702915033084435,2.6597423954259387,1.835081646385765,231,1.15,0.02507348732155858,0.0723854600991368,evaluation,0.3262260340656181
0.36343719499685473,2.965505426688531,1.7012596944077791,1.9147032022529527,0.888523971969116,-0.21344350784517352,0.3185029920605955,0.3053927066788078,0.5664926434993027,0.480224609375,0.1279296875,1.6343034098567961,1.3544911487628677,0.9215796440873987,3.741274899902579,2.670947635469567,1.8346462720769592,231,1.2,-0.04871387843677062,0.04137653163262601,evaluation,0.29684927520231585
0.35751755860015233,2.953097545738032,1.6608253363304761,1.9429595110709494,0.8547915316130482,-0.2821341747404733,0.31979936397367975,0.30148961472833424,0.5664659399561979,0.469482421875,0.128173828125,1.6402287583638806,1.3540283553295929,0.922456131217762,3.7769467018391394,2.6903503797639345,1.8333927870365678,231,1.25,-0.12158810249108674,0.02005334765220575,evaluation,0.2806013100283081
0.35162611940984523,2.9373452920492897,1.6191896165835562,1.9663233066460652,0.8234605220366273,-0.34713369006250905,0.32110507955850764,0.29836609117774116,0.566424478754418,0.4677734375,0.1298828125,1.6465096612778165,1.3533653155939689,0.9232363196141526,3.810076413590784,2.710994064681208,1.8315976774527687,231,1.3,-0.19257295605190122,0.006913840444727841,evaluation,0.2477846982502002
0.34576937583473333,2.9184426487570256,1.5768931583263606,1.9849862108362817,0.7944101322809743,-0.4080930525099211,0.3224224789894433,0.2922079753182454,0.567561451235044,0.46142578125,0.130859375,1.65293207391416,1.3525845568629908,0.9239250987559942,3.840812087030661,2.7321844409741844,1.8294849834642588,231,1.35,-0.26088909285808126,0.0006243287755577693,evaluation,0.22132385676961838
0.33995342320039634,2.8965974156710175,1.5343600917471094,1.9991636146330791,0.7675010091801423,-0.4648035228859697,0.32375378362863233,0.28708388247853617,0.5682589732684783,0.4580078125,0.129150390625,1.6568521438346637,1.3517383828898968,0.9245272219029739,3.8692970614716673,2.7451590265295396,1.8271966557777988,231,1.4,-0.32594110217869765,0.0,evaluation,0.20477314887896955
0.3341839326575683,2.872024922724334,1.4919143926488267,2.0090821272229,0.7425850702833436,-0.5171677345740733,0.3251011453075674,0.2811127823277956,0.5712510410084815,0.455810546875,0.13427734375,1.660839690813791,1.3508514849815465,0.9250472059696564,3.8956651024870523,2.7583884785824675,1.8247997344768552,231,1.45,-0.3872987002573209,0.0,evaluation,0.16831145126962696
0.32846614125162454,2.8449431369629927,1.4497971206345466,2.0149703930311738,0.7195128651263099,-0.5651732723966272,0.3264666715218642,0.2756307607757459,0.5743758728342577,0.44970703125,0.138671875,1.6626565044054435,1.3499333210448032,0.925489275158934,3.9200373631790706,2.7644266516417475,1.822319971267058,231,1.5,-0.44467430387871537,0.0,evaluation,0.1452211125305561
0.3228048505239168,2.8155689880221657,1.408182411839064,2.017052970557524,0.6981385379531381,-0.6088705587184602,0.3278524286684533,0.27184776698084806,0.5761212360150227,0.447998046875,0.142578125,1.662273373558207,1.3489929969351508,0.925857338891992,3.9425208988803253,2.7631527684406008,1.8197821057800858,231,1.55,-0.4978992701217186,0.0,evaluation,0.11854961720444232
0.3172044314356154,2.7841156790611477,1.3671911864369493,2.01554671460781,0.6783227481298942,-0.6483555281708606,0.32926042670874095,0.26826013406170507,0.5766652388459308,0.447265625,0.1435546875,1.6603753929907932,1.3480498434697108,0.9261549946151941,3.963208390046147,2.7568464456493493,1.8172383804787178,231,1.6,-0.5469007830008616,0.0,evaluation,0.0984931199599782
0.311668833874729,2.750790756174718,1.326902630934727,2.0106590719302666,0.659934172560084,-0.6837564409955397,0.3306925895942093,0.2621227325891071,0.578605431870397,0.44140625,0.14697265625,1.6586661260380655,1.347136123855025,0.9263855472363335,3.9821787491472254,2.7511733176661433,1.8147757361951478,231,1.65,-0.5916807992562887,0.0,evaluation,0.07550995936601543
0.30620159941655384,2.715794759004691,1.287364220726705,2.002587825241222,0.6428503182234394,-0.715223604514517,0.33215071648454203,0.25662145488203253,0.5795195767368381,0.437744140625,0.146484375,1.6546073895121587,1.3462922530864403,0.9265520388603559,3.999498378591822,2.7377256134282595,1.8125028307205697,231,1.7,-0.6322977916988031,0.0,evaluation,0.06392052584134364
0.30080587629944733,2.679320338134625,1.2486011790088616,1.9915219952781598,0.6269582670787761,-0.7429208162692982,0.33363643920169295,0.2519699554521396,0.5795041966696426,0.432373046875,0.148681640625,1.6506759403497744,1.3455578094052787,0.9266572845669054,4.015222957920089,2.7247310600496317,1.8105258184515385,231,1.75,-0.6688514283946435,0.0,evaluation,0.04398446716784274
0.29548443575453975,2.6415517729246236,1.2106258873338809,1.977643733547016,0.6121557016554012,-0.7670178462131352,0.3351511814202966,0.24624750058502337,0.5814750275713473,0.429443359375,0.14990234375,1.6496379556536582,1.3449626511952109,0.9267039116361071,4.029399718484512,2.7213053847332005,1.808924533110057,231,1.8,-0.7014699343091138,0.0,evaluation,0.028341587675227403
0.29023968893769886,2.602664840949909,1.1734471128630928,1.9611310525304937,0.5983522168745257,-0.7876839396674009,0.336696124706227,0.2409517529007457,0.5831738167037753,0.425048828125,0.1513671875,1.6502325571894545,1.3445217259922888,0.926694400539314,4.042070179773866,2.7232674928080662,1.8077386716652897,231,1.85,-0.7302997483056597,0.0,evaluation,0.013910302354208065
0.2850737038186893,2.562826976894102,1.1370782997026887,1.9421611469567115,0.5854706245588553,-0.8050828472540228,0.33827218563412514,0.23772797962997141,0.5824436129765957,0.420166015625,0.15087890625,1.652475989588103,1.344235324124415,0.9266311261219018,4.053273269115121,2.7306768961652006,1.806968606623877,231,1.9,-0.7554971712596572,0.0,evaluation,0.0033100102234880635
0.27998822153687464,2.5221976270968702,1.101543833521021,1.9209139102681452,0.5734477883848808,-0.8193700767471241,0.339880006881438,0.23580386756223531,0.580888177067338,0.4189453125,0.15380859375,1.6570343002771015,1.3440943702358663,0.9265163969380373,4.063048648339576,2.7457626722948447,1.806589676099756,231,1.95,-0.7772218948387165,0.0,evaluation,-0.02643101408957685
0.2749846719534784,2.480928674534158,1.0668822496361714,1.8975751190282857,0.5622345270750086,-0.8306928693921143,0.34151996355290054,0.23393764661757127,0.5801007137458184,0.41650390625,0.15283203125,1.6591084275160584,1.34408852589488,0.9263524900350164,4.071439966371407,2.7526407742548287,1.806573965442278,231,2.0,-0.7956324800010385,0.0,evaluation,-0.03300884036834875
0.5,2.9781799085749903,-0.09468992565638931,0.8349134563837237,-0.11341286325234422,-0.9296033820401131,0.22700113668325417,-0.006015774730271935,0.6066535571280347,0.274169921875,0.276123046875,1.568938748023119,1.2702481564277848,0.9120383345376433,2.612327710677912,2.461568795048365,1.6135303789081905,232,0.0,-0.9296033820401131,0.0,evaluation,-0.47528006661581934
0.4940847289865561,2.9390634129135975,0.18713424804963807,0.8276978229600397,0.22609005709402802,-0.6405635749104016,0.22958393865299098,0.025908261703089273,0.6087087056740291,0.294189453125,0.260498046875,1.5737826068831593,1.2711592956119615,0.9111490320536856,2.6157875497031426,2.476791693727967,1.6158459548207036,232,0.05,-0.7706794695035561,0.0,evaluation,-0.3344017148348529
0.4882337983034217,2.91356803122351,0.4499834926970287,0.834722826048279,0.539081331736581,-0.38473933335125027,0.23204998171193233,0.05483806753464609,0.6094290190389106,0.306640625,0.243408203125,1.5775603527723208,1.2751051709712198,0.9107460270416557,2.6319296573916526,2.488696666639144,1.625893197037549,232,0.1,-0.6156243230638999,0.0,evaluation,-0.18679606959318265
0.48242161378244053,2.9000464753107247,0.6930080780714142,0.8545935270409326,0.8109212814552725,-0.16158544896951843,0.23441685777653135,0.08201049250519549,0.6083218825642686,0.325927734375,0.23095703125,1.5838742592499777,1.2818088276962032,0.9107882451082882,2.659618466974411,2.5086576691146805,1.64303387075992,232,0.15,-0.46616433803223856,0.0,evaluation,-0.08213830761186283
0.4766258495904485,2.896878431454628,0.9155292369845363,0.8860814833143753,1.0332336858682702,0.029447753670160948,0.23670705472101486,0.10843964272876704,0.6071178303663314,0.34619140625,0.218994140625,1.5933659615588103,1.2908222971300969,0.9112201633351369,2.6975701215136176,2.538815087454247,1.6662222027682254,232,0.2,-0.324040767815143,0.008444547573689854,evaluation,0.013793398045517019
0.4708273923589218,2.902473257319535,1.117063297962791,0.9280500395691086,1.2036670980386368,0.18901325839368244,0.2389466106832105,0.1342262911912765,0.6032122092385211,0.358642578125,0.205810546875,1.60862882288097,1.3015763041304367,0.9119768578054757,2.7444026165014854,2.587686689803431,1.694100875473852,232,0.25,-0.1909552688875089,0.05528381935131191,evaluation,0.10569603156492877
0.46501027503146936,2.915277519247314,1.2973533357969012,0.9793931549284919,1.324650197184219,0.31796018086840927,0.2411636250874449,0.15936908657124882,0.5990443832709298,0.372802734375,0.192138671875,1.6274606674595928,1.3134508926665722,0.912989105901256,2.7986863079489526,2.6486282241280383,1.7251532474466211,232,0.3,-0.06850988984196252,0.11848391804686528,evaluation,0.188307867490585
0.459161591237759,2.9337867866882856,1.4564004617745767,1.0389910424604634,1.4017449643508326,0.41740941931411335,0.24338674707773716,0.18178153591717588,0.5963101129329703,0.385009765625,0.18212890625,1.6493125628522742,1.3258501510043064,0.9141879867201376,2.858992222124358,2.7202319299823525,1.7578786229181476,232,0.35,0.09949247314433915,0.1974353977036681,evaluation,0.25231035595515017
0.4532713827040099,2.956560582670524,1.594486772365064,1.1056837847885277,1.4420820801582293,0.4888029875765363,0.24564375224398566,0.20163524447860107,0.5926111204384751,0.398193359375,0.171630859375,1.6702981408627378,1.3382568778692452,0.9155086033351558,2.9239355617307647,2.789895879369534,1.7909314711643454,232,0.4,0.2370693797705814,0.2792527397723935,evaluation,0.3015288746878092
0.44733249481137194,2.9822390201768054,1.7121837357973284,1.1782621833732527,1.4531432477069823,0.5339215524240757,0.24796029880648096,0.2187771006155973,0.5910258040325416,0.407470703125,0.1640625,1.6856664031356015,1.3502579748557126,0.9168927491277629,2.9922122261429234,2.8414712226601315,1.8231965986614556,232,0.45,0.3453849726851612,0.3570946690941163,evaluation,0.3458197483359965
0.4413403985606255,3.009559478529821,1.810342192261868,1.2554736446790074,1.4419595345027945,0.5548685475828607,0.2503589273288958,0.2333667426209617,0.5912731350938574,0.419189453125,0.160888671875,1.7000959624036152,1.361550739798388,0.9182905148246465,3.0626269583418932,2.8903262813810913,1.853820417045543,232,0.5,0.4258661107906581,0.4258661107906581,evaluation,0.3659348016163093
0.4352929805169928,3.0373716768455763,1.8900623619815011,1.3360398745275834,1.414675114131468,0.5540224874539177,0.25285833757140713,0.24790693823786597,0.5880867881120356,0.43115234375,0.154052734375,1.7136885307020382,1.3719427954796997,0.9196609577173281,3.1341126109862203,2.9367283802597273,1.8822270340686584,232,0.55,0.48022066641481875,0.48022066641481875,evaluation,0.3814838663451513
0.42919030546671905,3.0646496536492016,1.9526443101021225,1.4186823962219623,1.3763787548940716,0.5339619138801601,0.25547294681584903,0.25974194899822434,0.5842097586398011,0.44140625,0.150634765625,1.7291771036642594,1.3813465134153564,0.9209720230200339,3.205740713577086,2.9900534558367338,1.9081181901247675,232,0.6,0.5104285835176758,0.5104285835176758,evaluation,0.3720431572049091
0.4230343592310436,3.0904994566722053,1.9995218174283178,1.5021513967271733,1.3311053877690324,0.49737042070114446,0.25821270989030565,0.26879258424613844,0.5812490826791988,0.45263671875,0.145751953125,1.7445989024249369,1.3897607917362214,0.9221999272014998,3.2767239323724953,3.0436253303423113,1.9314350582472941,232,0.65,0.5187061982745913,0.5187061982745913,evaluation,0.3611155991084246
0.4168287810496416,3.114161803749748,2.0321859657248074,1.585253344261326,1.2819313537999422,0.44693262146348145,0.2610831648403038,0.2760951234040988,0.5798178916737109,0.45703125,0.14306640625,1.7565177872800821,1.397237597732865,0.923328199771175,3.3464112704744475,3.0853547370313326,1.952272904518313,232,0.7,0.5074475085441864,0.5074475085441864,evaluation,0.35396885434189274
0.4105785958287591,3.1350095980185646,2.052108408711466,1.6668735380959367,1.2311122360581606,0.3852348706155293,0.2640856606352453,0.2814605632142768,0.5772301939237835,0.459228515625,0.134521484375,1.765970340832671,1.4038410864361703,0.9243465494495829,3.4142771723801513,3.118651244700677,1.9707697959662924,232,0.75,0.47914927583264844,0.47914927583264844,evaluation,0.3615951863426763
0.4042899560682448,3.152540902337841,2.0606766486942814,1.7459913953279766,1.180232992103144,0.3146852533663047,0.2672177235633815,0.2842820560664685,0.5780850527349346,0.454345703125,0.135986328125,1.7741897115836152,1.4096145214091258,0.9252496850094808,3.4799061897309937,3.1477491326891682,1.9870130989674848,232,0.8,0.43632941296590766,0.43632941296590766,evaluation,0.3494233129409209
0.3979699013787436,3.1663686439904986,2.059152804773431,1.8216885514267234,1.130353925296796,0.23746425334670773,0.27047352463729807,0.2864423246608336,0.5797490444563616,0.4619140625,0.135986328125,1.7783101763151883,1.414570220379331,0.9260361869394755,3.5429754277503456,3.1623870831861733,2.001008908384035,232,0.85,0.3814492387114225,0.3814492387114225,evaluation,0.325401018370689
0.39162614048763505,3.176208729338323,2.0486624665293074,1.8931520033586413,1.082143675148522,0.15551046317066608,0.2738444180741806,0.2875583369358252,0.5821872153965754,0.467529296875,0.13916015625,1.7802528148906,1.4187079688724047,0.9267074955034115,3.6032373346084774,3.1693000849259216,2.0127323009420697,232,0.9,0.31684921649132725,0.31684921649132725,evaluation,0.2930865202024472
0.38526685719993176,3.1818682410589636,2.0302122767521666,1.9596756773545674,1.035994016873659,0.07053659939759926,0.27731952740773236,0.2858762714817713,0.5832868636301907,0.4658203125,0.143798828125,1.7804290425757014,1.4220506170509126,0.9272670534723743,3.660505213664656,3.169927575647046,2.022227957454887,232,0.95,0.24470464791304908,0.24470464791304908,evaluation,0.25232992675717825
0.3789005388126954,3.183234943944914,2.0047266326981177,2.0206634235126795,0.992113089874781,-0.015936790814561785,0.28088635874889156,0.28182602769006226,0.585012607781781,0.464111328125,0.1435546875,1.782335292574864,1.424673596566167,0.9277196173931016,3.7146430140202065,3.176719095157943,2.0296948567527835,232,1.0,0.16700314256704865,0.17083754451533792,evaluation,0.22723602043758526
0.37253582374046457,3.180268584217725,1.9730886657126057,2.0756346770524687,0.9505953468239966,-0.10254601133986307,0.2845314196791916,0.2772986577605815,0.5847617280862063,0.46044921875,0.144287109375,1.7862612575902095,1.4267091120770645,0.928070730442072,3.765559668953211,3.1907292803677736,2.035498890483732,232,1.05,0.08554084185927135,0.11335281983168917,evaluation,0.19279138580340524
0.3661813649294955,3.172993698201889,1.9361707035999063,2.124231697144519,0.9114687000493344,-0.1880609935446127,0.2882408187369502,0.27417031732270397,0.5831836122849136,0.45458984375,0.14404296875,1.7915958751201693,1.4283231016932185,0.9283263344715313,3.813206929828445,3.2098157797476228,2.040106882830542,232,1.1,0.001930805294055197,0.06994892093918158,evaluation,0.16617231455697098
0.3598457067914347,3.161493123930595,1.89484471246231,2.1662254881615848,0.8747218250443595,-0.27138077569927477,0.292000817255212,0.2713215545945878,0.5815464787025219,0.447998046875,0.142822265625,1.7981892544466123,1.4296791566791807,0.92849249057563,3.8575787608585905,3.2334845948072815,2.0439824910428994,232,1.15,-0.08238428864926907,0.038598620648201284,evaluation,0.14714311714291792
0.35353717518763117,3.145901297096139,1.8499714177681843,2.2015170396230483,0.8403166473264922,-0.35154562185486404,0.2957983053151324,0.2671311778957008,0.5816632164792435,0.454833984375,0.140869140625,1.8065663760488269,1.4309074429902855,0.9285751769446458,3.898710216630244,3.2636820710702104,2.0474961104050036,232,1.2,-0.16612173277143097,0.01751279460031867,evaluation,0.11555351859823734
0.34726378160578386,3.126396696736106,1.802374440195484,2.2301315379664404,0.8081919875627563,-0.4277570977709564,0.29962117845615804,0.26208305263151804,0.5804045713131553,0.441650390625,0.145751953125,1.8132887063838068,1.4320897346768324,0.9285801385611935,3.9366743053177036,3.288015932699078,2.0508810081667663,232,1.25,-0.2481542508436704,0.00511161227655951,evaluation,0.08102719045402593
0.3410331434484385,3.103193316086357,1.7528099422126646,2.2522051632694904,0.7782638859011132,-0.49939522105682577,0.30345860124708046,0.25733145473709146,0.5793768556386241,0.43701171875,0.144775390625,1.8183080736422588,1.4332620495666348,0.9285127724327316,3.9715763427222863,3.3062442506726413,2.054240102727957,232,1.3,-0.32751135684139526,0.0,evaluation,0.05870790109484378
0.3348524220793266,3.076531535778625,1.7019419223418442,2.2679660871767906,0.7504265306102771,-0.5660241648349464,0.30730115578088185,0.2541424298676831,0.5788231366134899,0.43603515625,0.143798828125,1.8229414791468799,1.4344295054116487,0.928378041057679,4.003546295122062,3.3231156363942342,2.0575880059955134,232,1.35,-0.40338383995804633,0.0,evaluation,0.039201079902179886
0.32872827917017633,3.0466690811790924,1.6503294531844919,2.277712549417303,0.7245556308704048,-0.6273830962328111,0.3111408846612348,0.25124116788474443,0.5779452641115248,0.43603515625,0.148193359375,1.8280373414577817,1.4355848541980043,0.9281804130125482,4.032730237812707,3.3417205217640538,2.060903873602712,232,1.4,-0.4751273278470102,0.0,evaluation,-0.0017091018500673683
0.32266685044645127,3.013872780986971,1.5984271096655345,2.2817910806192656,0.700514224655366,-0.6833639709537311,0.3149712465230135,0.24792768772990548,0.5780492977152736,0.439697265625,0.149169921875,1.8321371967578324,1.4367225049555596,0.9279238319022214,4.059282180349038,3.356726707743669,2.064171556245785,232,1.45,-0.5422612392018323,0.0,evaluation,-0.03124843754208642
0.31667373465291904,2.978411658833589,1.5465957867950517,2.2805772384839815,0.6781597924844477,-0.7339814516889298,0.31878700629880957,0.24500062597894479,0.5765058752300373,0.428955078125,0.1484375,1.834231046453789,1.4378435183352427,0.927611714067158,4.0833572162664185,3.3644035317749825,2.067393983218676,232,1.5,-0.6044609567651082,0.0,evaluation,-0.037575093543522314
0.310753994778083,2.940551601561763,1.4951192315069435,2.2744601152937665,0.6573512639125069,-0.779340883786823,0.32258408257223103,0.24230496963404574,0.5758927789980518,0.430908203125,0.15234375,1.8368916754169275,1.43895236200019,0.927246972973305,4.105106467293419,3.374171027216029,2.070583900105932,232,1.55,-0.6615429950262083,0.0,evaluation,-0.07558238196476977
0.30491216837170076,2.9005515759249354,1.444221820559943,2.2638308451299247,0.6379548293843734,-0.8196090245699816,0.3263593717957091,0.23816667656554938,0.5761536406686406,0.426025390625,0.154052734375,1.840006283071977,1.4400500753145022,0.9268320657241103,4.124673836620127,3.3856231217443744,2.07374421941331,232,1.6,-0.7134446228817939,0.0,evaluation,-0.09401487805235567
0.29915228404787075,2.8586611812306004,1.3940845138331253,2.2490746708337337,0.6198480343546517,-0.8549901570006084,0.33011056552356194,0.23517978802991177,0.5761128199998988,0.42041015625,0.157470703125,1.8433699832315795,1.4411289987057327,0.9263690555913061,4.142194297323888,3.3980128950792157,2.076852790910594,232,1.65,-0.7602004154724894,0.0,evaluation,-0.11443546671114083
0.2934778817894248,2.8151192428346405,1.3448575008718584,2.230565855705419,0.6029221228469607,-0.8857083548335605,0.3338359733129334,0.23366223456558038,0.5769791865454373,0.4189453125,0.15771484375,1.8454466661105715,1.4421721947677648,0.9258596840453922,4.157793339193793,3.4056733974586453,2.079860639361278,232,1.7,-0.8019184510288057,0.0,evaluation,-0.11986513888321496
0.2878920352752812,2.770153145543629,1.296669223121474,2.2086647161031534,0.5870828712332788,-0.9119954929816794,0.33753436101891876,0.23129059758573473,0.5780818249477296,0.41552734375,0.159912109375,1.8470246323514434,1.4431581836960388,0.9253054461619395,4.1715872202359074,3.411499992513007,2.0827055431688564,232,1.75,-0.8387584813481685,0.0,evaluation,-0.13103369625141928
0.28239737502334794,2.723978641390561,1.249632065669203,2.1837161514434977,0.5722502280542099,-0.9340840857742947,0.34120481167633854,0.22813894610338634,0.5784843576581927,0.413818359375,0.1591796875,1.8489173873649887,1.4440696333588459,0.9247076640721981,4.18368373962328,3.4184955053005983,2.0853371059891583,232,1.8,-0.8709136536524806,0.0,evaluation,-0.13840344012409336
0.2769961116240789,2.6767999162220777,1.203845242562481,2.1560491565197064,0.55835704808592,-0.9522039139572254,0.3448466136044404,0.2265446615608568,0.5776521748858965,0.414794921875,0.156982421875,1.8487897483377127,1.444902924860984,0.9240675540638519,4.194183313099868,3.418023533558647,2.087744462271833,232,1.85,-0.8985965189471568,0.0,evaluation,-0.14514461016480787
0.2716900587194431,2.628809751411883,1.1593954741892996,2.1259768887254102,0.545347167383552,-0.9665814145361107,0.3484591775279975,0.22601750586499963,0.576058690959064,0.410888671875,0.15478515625,1.849228562982491,1.4456741510132272,0.9233862839626062,4.203180173040515,3.4196462781503136,2.089973750907822,232,1.9,-0.9220293298782068,0.0,evaluation,-0.14314754189352255
0.2664806556591226,2.580189667586135,1.1163561051747708,2.093796943245045,0.5331730513679136,-0.9774408380702742,0.3520419814626887,0.22347897607803574,0.5764616913906888,0.409423828125,0.1552734375,1.8491371375105343,1.4464173179925974,0.9226650185637669,4.21076354172871,3.419308153320678,2.0921230577889056,232,1.95,-0.9414381124052745,0.0,evaluation,-0.15270208049311332
0.2613689899431157,2.5311099860635213,1.0747853588922247,2.059791581148852,0.5217932574968394,-0.9850062222566272,0.3555945392617205,0.22094227588521442,0.5768770917264052,0.403076171875,0.15478515625,1.8506837203471291,1.4471733602258492,0.9219049521265572,4.217018652702206,3.425030232757917,2.094310734547382,232,2.0,-0.9570497041528947,0.0,evaluation,-0.14932645098607003
0.5,2.786829440170938,0.020130346713639294,0.7490467032714474,0.026874621603326446,-0.7289163565578081,0.2542688419542979,-0.008074326408910936,0.6137219843428628,0.27490234375,0.287109375,1.5846930040872498,1.2882275274029822,0.9015515433777525,2.551168559854385,2.5112519172030874,1.6595301623588066,233,0.0,-0.7289163565578081,0.0,evaluation,-0.4318644710610765
0.49445801312065685,2.7568853305904275,0.27191601582199637,0.7454132763186716,0.3647855819859983,-0.47349726049667523,0.25712477616790247,0.02463766928283812,0.6137425402845685,0.294189453125,0.2666015625,1.5931850117801363,1.2932619683512343,0.9003792425411158,2.556517163985089,2.538238481760888,1.672526518783714,233,0.05,-0.5884782539805756,0.0,evaluation,-0.271900415740301
0.48896361740110017,2.739009753735911,0.5080293530569677,0.7541655267952138,0.6736310995489431,-0.24613617373824603,0.25996527504369144,0.05706023027653172,0.613429084587963,0.320068359375,0.251220703125,1.6124344517678089,1.3005009770400027,0.8996457353078258,2.57386990135294,2.5999448612477707,1.691302791282007,233,0.1,-0.450939044108185,0.0,evaluation,-0.1547626128369403
0.48349406623743535,2.7318132232935284,0.7279165058925535,0.7742378668642417,0.9401716669331929,-0.04632136097168815,0.26280008325351056,0.08674179897866856,0.6121263421584849,0.3359375,0.238037109375,1.639216509914405,1.3095211815796237,0.8993217073012344,2.6022058995431814,2.6870307663759783,1.714845725005699,233,0.15,-0.31774746885871535,0.0,evaluation,-0.049537150324385465
0.4780293698427953,2.7339276770670393,0.9310123850439587,0.8046986279584494,1.156970265260638,0.1263137570855093,0.2656370413727978,0.11527578848119835,0.6095170791640184,0.3544921875,0.220703125,1.668821548551089,1.3198784429995989,0.8993680767967155,2.640373801940516,2.7849653609084726,1.7420791042950512,233,0.2,-0.1904068170005477,0.036222203665093926,evaluation,0.057133141193296794
0.4725522574858766,2.74400243916721,1.116790292905187,0.8446719246554666,1.3221586515506771,0.27211836824972035,0.2684821615995202,0.14332066064308124,0.6069751247710347,0.37109375,0.208984375,1.6950576058231028,1.3311430231830415,0.8997388543527175,2.687120803830764,2.8732202870587673,1.7719417481688933,233,0.25,-0.07042842895341096,0.09741333979328413,evaluation,0.14596874282342007
0.4670481415815382,2.7607063054367735,1.2848166991220682,0.8932774005903517,1.438317703182634,0.39153929853171654,0.2713397647019737,0.17112148552189582,0.6038977999736291,0.391845703125,0.194091796875,1.7144588904922684,1.3429165583876777,0.900384124223446,2.741129402689997,2.939369287187998,1.8034248827918105,233,0.3,0.040721298424399546,0.16818023146877759,evaluation,0.2380594078297301
0.46150507220495596,2.7827348403927887,1.4348030210054388,0.9495900174284497,1.5109710450526606,0.48521300357698904,0.2742126602510045,0.19803519653233675,0.6001549634871081,0.404052734375,0.17578125,1.7273932200774464,1.3548383676598277,0.9012528532483751,2.801059268003742,2.9838873367695475,1.8355870024831522,233,0.35,0.1933299521575823,0.2544368830689103,evaluation,0.34876370067593376
0.4559136728767368,2.8088215569215134,1.566647936112041,1.0126198256498367,1.5471235071925076,0.5540281104622042,0.27710235526575544,0.2254979366627241,0.5944389452556788,0.422607421875,0.162841796875,1.7360235758749345,1.3665879470320927,0.9022952985961061,2.865590297193682,3.013777855993613,1.867562616973396,233,0.4,0.3196779395445982,0.3416148146262069,evaluation,0.417715739103246
0.4502670513861605,2.8377514214270283,1.6804652745260849,1.0813095363169145,1.554101964410649,0.5991557382091703,0.2800092793414676,0.24920797035897524,0.590222131613516,0.439697265625,0.152099609375,1.7394742917995247,1.3778866286320932,0.9034648754750594,2.9334625963780354,3.025770811831477,1.898571561363122,233,0.45,0.42049100990271315,0.4238478039561827,evaluation,0.4709441198342358
0.4445606826167727,2.8683750769018506,1.7765943736762708,1.1545460235426634,1.5387817700197737,0.6220483501336074,0.2829330156952306,0.2690472211746968,0.5863748439272993,0.45556640625,0.14794921875,1.738334217619961,1.3884989720954766,0.9047194373493178,3.0035096885674966,3.021805852148421,1.9279293955102013,233,0.5,0.4966824581443013,0.4966824581443013,evaluation,0.48588360970676026
0.4387922634585336,2.8996223024690977,1.8555923224166846,1.2311809217458054,1.5071646170292083,0.6244114006708792,0.2858725273947534,0.2856881836874091,0.5839707608256527,0.46484375,0.142333984375,1.7365465475538742,1.3982343389271228,0.9060219977178293,3.074682436558317,3.0155939118212975,1.9550592665549738,233,0.55,0.5493886106597019,0.5493886106597019,evaluation,0.5097717178836993
0.4329615425855854,2.9305135223897913,1.9182105757158283,1.310055423620693,1.4642209338092993,0.6081551520951354,0.28882636761049285,0.29855312572999854,0.5804311166510763,0.475830078125,0.137451171875,1.7354100027072683,1.406949447215332,0.907340975600111,3.1460626626486614,3.011647877496459,1.9795067470195342,233,0.6,0.5799787053244805,0.5799787053244805,evaluation,0.5081980990994198
0.42707012984455955,2.96016860068102,1.9653611311041508,1.3900252103290802,1.4139032274377694,0.5753359207750706,0.2917928636289433,0.30777100071669383,0.578254217228243,0.484375,0.134765625,1.7351743078618824,1.4145520980171662,0.9086500749568895,3.216866947259965,3.01082987866398,2.0009576380047727,233,0.65,0.5900420195080659,0.5900420195080659,evaluation,0.4948141051777022
0.42112129105408924,2.987812627105942,1.9980787830995697,1.4699828792762997,1.3592530982968056,0.52809590382327,0.29477026739241413,0.31680657960011194,0.5763680730274369,0.49462890625,0.13134765625,1.7352226526588865,1.4210047681794002,0.9099279143751523,3.2864423165642407,3.01099765430056,2.0192545511885975,233,0.7,0.5813573956527397,0.5813573956527397,evaluation,0.4821172592797841
0.41511973417462755,3.01277881020803,2.0174853338364573,1.548876817633486,1.3025473109727046,0.4686085162029714,0.2977568700104528,0.3236885540794544,0.5732317519514928,0.497802734375,0.126220703125,1.7357268846226104,1.4263252382927245,0.9111575128937434,3.3542562754236576,3.0127478180017295,2.0344036853908034,233,0.75,0.555851428309859,0.555851428309859,evaluation,0.474815157341259
0.40907139228544126,3.0345088527146515,2.024759290368377,1.6257267213047228,1.245448736146387,0.39903256906365403,0.3007510825308941,0.3276331573669077,0.5698481314918059,0.50244140625,0.12451171875,1.7379524923629572,1.430580916557466,0.912325717138228,3.4198838117019603,3.020478865710632,2.0465617588184055,233,0.8,0.5155514069009985,0.5155514069009985,evaluation,0.44195054448865634
0.4029832079519924,3.0525512565745094,2.021111510114352,1.6996365583221071,1.189143349628586,0.32147495179224483,0.30375148858754086,0.32824386984128784,0.5682018893593572,0.501220703125,0.123291015625,1.7441247685230883,1.4338749455121003,0.9134226300602802,3.4829936379217643,3.0419712081757337,2.0559973593673346,233,0.85,0.462537877879,0.462537877879,evaluation,0.41432266179239885
0.3968629227375156,3.0665579199256356,2.007764734020947,1.7698056741272974,1.1344549084525841,0.23795905989364963,0.30675687535347984,0.3265978553964674,0.5662190718014499,0.4951171875,0.1240234375,1.7530132948256374,1.4363256250969263,0.9144410776277501,3.5433352183005424,3.073055611835455,2.0630313013100823,233,0.9,0.398899891871566,0.398899891871566,evaluation,0.3795697442264795
0.3907188750426927,3.076279231167375,1.9859339586463305,1.8355381573263103,1.0819355352106057,0.15039580132002017,0.30976624764257515,0.3243848235318691,0.5638955430308492,0.48828125,0.119873046875,1.7595978814275062,1.438044679549024,0.9153761303606244,3.6007272962265877,3.0961847043241857,2.0679725003792617,233,0.95,0.32669424602672736,0.32669424602672736,evaluation,0.3637726604542676
0.38455980918815663,3.081557737888645,1.9568054303528943,1.8962499142733293,1.031934354023568,0.060555516079565,0.3127788271296743,0.32090698018000896,0.5629900181242568,0.4853515625,0.121826171875,1.7668840030430366,1.4391218387260107,0.9162246834782427,3.6550479287700886,3.121879080209404,2.07107166669814,233,1.0,0.24790884424882476,0.24790884424882476,evaluation,0.3226330878911382
0.3783946985429857,3.082320446534628,1.9215141788397712,1.95147251799237,0.9846483417642903,-0.029958339152598823,0.3157940360507322,0.3161994920224295,0.5630780465548241,0.476806640625,0.122314453125,1.772817359282041,1.439621199776064,0.9169850927347705,3.7062256177291593,3.1428813893717686,2.0725091988446804,233,1.05,0.16442993776591225,0.1716379331114541,evaluation,0.29855216831133846
0.37223258530725817,3.0785699112839238,1.8811223663459664,2.0008530153245894,0.9401601976449032,-0.11973064897862296,0.3188114637022397,0.310470464614347,0.5629902455289115,0.471923828125,0.125,1.774610668235933,1.4395894447171518,0.9176568615011946,3.7542310525123224,3.149243023816804,2.072417769341044,233,1.1,0.07801338440508833,0.11272206172353785,evaluation,0.2576741870657965
0.3660824390634323,3.0703744539803433,1.8366021661489669,2.0441494655194,0.8984676498116555,-0.20754729937043304,0.3218308151492988,0.30538922256891643,0.5623715151178984,0.466064453125,0.12646484375,1.7753406266747067,1.4390701963164119,0.9182403761701246,3.7990691822714027,3.151834340721759,2.0709230299261625,233,1.15,-0.00973920968608498,0.0686138633130548,evaluation,0.2245501619434683
0.3599530353390876,3.057858036473261,1.7888266924372078,2.0812227995242107,0.8595075418384578,-0.2923961070870029,0.32485184444743,0.3014029060085213,0.5623051035807951,0.463134765625,0.12939453125,1.7745083366508279,1.438116036006028,0.9187366891866021,3.8407716650137234,3.148879836843307,2.068177733017697,233,1.2,-0.09739803303875148,0.03710272569802276,evaluation,0.18892642451120997
0.3538528542703905,3.0411903954283757,1.7385707132433468,2.112026294337618,0.8231766422153395,-0.37345558109427124,0.3278742783654237,0.2982227176603417,0.5635660453669401,0.45947265625,0.127197265625,1.7705642063256977,1.4367915687830002,0.9191473500761318,3.87939003147132,3.134897608721767,2.064370012125921,233,1.25,-0.18371485462861564,0.01625870184326357,evaluation,0.18446930339404397
0.3477899982629443,3.020577996430923,1.6865202122044909,2.136594272016773,0.7893497770227341,-0.4500740598122823,0.3308977397693456,0.2932598271721718,0.5658908787706916,0.460205078125,0.132080078125,1.767361371180359,1.435166216698284,0.9194742838122378,3.914990024636685,3.1235662163405378,2.059702069552072,233,1.3,-0.2676242959572051,0.004388307942957575,evaluation,0.1462021714112521
0.34177212660288725,2.9962561745663585,1.6332873940665853,2.155031452204456,0.7578949218564024,-0.5217440581378705,0.33392168137763556,0.28670349089593994,0.5691383220081462,0.46240234375,0.13720703125,1.7666235239509172,1.433301110701498,0.9197197128795189,3.9476474876604652,3.1209586753767757,2.0543520739381536,233,1.35,-0.3482370343728418,0.0,evaluation,0.10508407306808207
0.33580640449813615,2.9684825607152487,1.5794264001475684,2.1675038072016086,0.7286844871505498,-0.5880774070540402,0.33694533993613435,0.27748285316055116,0.5738315025692595,0.460693359375,0.14013671875,1.7664482098630376,1.43123750566267,0.919886115453446,3.9774459167751277,3.120339278128349,2.0484407976155077,233,1.4,-0.42482669566630016,0.0,evaluation,0.07761013360648614
0.32989946410066956,2.9375316317424627,1.5254452601452622,2.1742310312338153,0.7016021932497277,-0.6487857710885532,0.33996771806346743,0.2696182970317402,0.5765705625061591,0.455810546875,0.1435546875,1.7667052140164412,1.428993180478441,0.9199762086421858,4.004475476189114,3.121247313232899,2.0420215098538965,233,1.45,-0.49681316199443787,0.0,evaluation,0.050037525831540725
0.32405737557968206,2.9036900468549978,1.4718112710170068,2.175480115949153,0.6765454945906788,-0.703668844932146,0.3429875967350656,0.2629140219871776,0.5764004663162966,0.44775390625,0.144775390625,1.7705979543626167,1.4265691108785836,0.9199929439723981,4.028833006993781,3.135017115993103,2.035099428112919,233,1.5,-0.5637453145219892,0.0,evaluation,0.02785617448846231
0.3182856270611606,2.8672523850320735,1.4189493841296066,2.1715592208929655,0.6534242172525792,-0.7526098367633589,0.34600357660116243,0.25638866663821697,0.5766894960627399,0.441162109375,0.146240234375,1.7742626370109578,1.4239636648430638,0.9199395029177306,4.050622439640123,3.1480079050930985,2.0276725187932954,233,1.55,-0.6252857624331679,0.0,evaluation,0.00622917042875723
0.31258911296011727,2.8285169765294165,1.3672354388931154,2.1628110976884507,0.6321566596150615,-0.7955756587953353,0.3490141420998323,0.2505123118424527,0.5777190639883155,0.436279296875,0.14599609375,1.7781091575536156,1.4211881859883284,0.9198192831655765,4.069955068531483,3.16167217617605,2.0197758599928015,233,1.6,-0.6811990527500441,0.0,evaluation,-0.004867098489517635
0.3069721306938087,2.787781682372117,1.3169874973204703,2.149605684769401,0.612664688529492,-0.8326181874489307,0.3520177394294429,0.24409890836959408,0.578669259130414,0.431396484375,0.14794921875,1.7829118498927006,1.4182775001797436,0.9196358707231067,4.086949335647954,3.178774664487834,2.011511067516109,233,1.65,-0.731343558362743,0.0,evaluation,-0.025563951630955956
0.30143838587325134,2.745339657044243,1.2684587777965577,2.132331961649029,0.5948692795542027,-0.8638731838524714,0.3550128582919349,0.23843520400176413,0.579210200414728,0.42578125,0.152587890625,1.7872766624477654,1.4152913732281727,0.9193929977323992,4.101730023806131,3.1943578681304454,2.0030496711340935,233,1.7,-0.7756660988085475,0.0,evaluation,-0.054075267142385336
0.2959910058466938,2.701475272403847,1.2218348526024871,2.111389551590031,0.5786875527930675,-0.8895546989875438,0.3579981078899899,0.2351915079941046,0.5783624487278464,0.4287109375,0.1533203125,1.7903527000697375,1.4123067923401442,0.9190944898492325,4.114426993579176,3.2053627906470212,1.994610475690114,233,1.75,-0.8141976650142764,0.0,evaluation,-0.07865185543908962
0.2906325610312636,2.656460447962435,1.1772362780809036,2.0871807580948767,0.5640317799573112,-0.9099444800139731,0.3609722795926339,0.23271170109111583,0.57640594038777,0.42236328125,0.1513671875,1.7888736259839206,1.409404344235013,0.9187442094099103,4.125173743243698,3.2000688497408816,1.9864206055485336,233,1.8,-0.8470485260926597,0.0,evaluation,-0.08101738743547052
0.2853650929821306,2.6105516160769264,1.1347262136634342,2.0601036732719398,0.5508102472635351,-0.9253774596085056,0.3639343914115773,0.23049818488059848,0.5757306820359794,0.420654296875,0.152587890625,1.7842089936736383,1.406653647672852,0.9183460010344983,4.134106097033487,3.18340173310592,1.9786744845113466,233,1.85,-0.8744014321627536,0.0,evaluation,-0.09623768203426916
0.28019014776518336,2.563987468428718,1.0943213369831473,2.0305467520122487,0.5389293971678748,-0.9362254150291014,0.36688371235354,0.22679689263146052,0.5764982928867914,0.413818359375,0.15380859375,1.7758889363730843,1.4041024314716268,0.917903644983137,4.141361242674162,3.1537815143323478,1.9715036380645417,233,1.9,-0.8965023856311116,0.0,evaluation,-0.10158631095662027
0.2751088130183869,2.5169875161060498,1.0560037619858083,1.9988849082678724,0.5282964304837766,-0.9428811462820641,0.3698197673259857,0.2226328806295753,0.5778844322137203,0.408203125,0.157470703125,1.7671147691626539,1.4017719445229146,0.9174208210866336,4.147077185401789,3.1226946073928024,1.96496458445156,233,1.95,-0.9136492673074665,0.0,evaluation,-0.11619739770004042
0.27012175713552516,2.4697513859914824,1.0197317624114284,1.965476874343632,0.5188215520225677,-0.9457451119322036,0.37274232524338274,0.2196908510670904,0.5795356453046331,0.41015625,0.160888671875,1.7607305090293954,1.399658911377544,0.9169010832038548,4.1513925178745925,3.1001719254269373,1.9590450681985787,233,2.0,-0.9261792340555168,0.0,evaluation,-0.13560412321718004
0.5,2.8596926425672855,-0.0989967501595057,0.7948991905251519,-0.1245400062542563,-0.8938959406846576,0.3280189188389025,-0.003402758833048204,0.6080686261229895,0.275146484375,0.280517578125,1.496549522709141,1.2641713577226914,0.8511583496922146,2.591569912488874,2.239660473920972,1.5981292216864382,234,0.0,-0.8938959406846576,0.0,evaluation,-0.4005126516039731
0.4943204350656659,2.8215996502197758,0.1533139926170718,0.7881139443644568,0.19453277500464197,-0.634799951747385,0.3325604415777697,0.02915379751603031,0.6067592411971179,0.29638671875,0.255859375,1.4901758839759842,1.263690359869437,0.8493473494024607,2.595289196443936,2.22062416518362,1.5969133256269519,234,0.05,-0.7514361573996474,0.0,evaluation,-0.2279367798070752
0.4887046079171048,2.7957122916046266,0.388545558511209,0.7941030475952627,0.48928858753006865,-0.40555748908405376,0.33697222153954426,0.06120493103949007,0.6048428881026936,0.3125,0.242431640625,1.4910855055594197,1.264693941864747,0.8482462351333933,2.610922079243709,2.2233359848894034,1.5994507665893967,234,0.1,-0.6124760893934962,0.0,evaluation,-0.10717056002771544
0.48312957932692474,2.7805629682520645,0.6064485635207426,0.8116450192063153,0.7471844823415186,-0.20519645568557265,0.3412568448505534,0.09269383220362555,0.6041169093030053,0.3330078125,0.22119140625,1.498105631931921,1.2670563347803676,0.8478086789392693,2.6374441818687155,2.244320484426155,1.605431755507064,234,0.15,-0.4784082563712664,0.0,evaluation,0.030525861478650856
0.4775753011378432,2.774726992639546,0.806730367553109,0.8396889113965376,0.9607491019637103,-0.032958543843428556,0.3454193318400655,0.12216295134860257,0.6023926598667524,0.353271484375,0.207275390625,1.5103148754468898,1.2706143199588353,0.8479706851156099,2.6737239506073465,2.281051022996169,1.6144607500844588,234,0.2,-0.350669436926461,0.0,evaluation,0.12088873782367968
0.47202453950505896,2.7768143178611893,0.9890688386221232,0.8772668115030164,1.1274435846120259,0.1118020271191068,0.3494667025674546,0.14952389403615451,0.5998495828733144,0.36767578125,0.19482421875,1.518065661277203,1.2751528669632994,0.8486554842235458,2.718542266708271,2.304523351949006,1.6260148341247271,234,0.25,-0.2307049840849075,0.029001289923044096,evaluation,0.21094141816259646
0.46646280924776823,2.7854668877998257,1.1531612972717267,0.9234215657631528,1.2487918194965564,0.22973973150857385,0.3534073950303495,0.17557058787761287,0.5959172532709885,0.382080078125,0.180908203125,1.5266191594545913,1.2804071652191877,0.8497787452583608,2.770616470902915,2.3305660580138574,1.6394425087446414,234,0.3,-0.1199216943313682,0.07729908591399128,evaluation,0.2938785052130485
0.46087830732332524,2.7993621990351656,1.2987962469624437,0.9771548286876973,1.329161161396199,0.32164141827474635,0.35725062573550465,0.20021659543016943,0.5926569898567479,0.399658203125,0.169189453125,1.5356315356739032,1.2860878629090622,0.8512536188450528,2.828630452151546,2.3581642133562046,1.654021991122004,234,0.35,0.032239634157378204,0.14067426746310033,evaluation,0.35969959055217016
0.455261833226695,2.8172226582912536,1.4259289339263086,1.0373981353233914,1.3745242885768243,0.38853079860291717,0.3610057749110272,0.22337004386386605,0.5875973766018209,0.415283203125,0.161865234375,1.5461919709903575,1.2919156265068519,0.8529952003812913,2.891270032950068,2.390709611155062,1.6690459860125966,234,0.4,0.1575398964341386,0.20865510478655114,evaluation,0.3945959969871463
0.4496066860123399,2.837829284826017,1.534741766806945,1.103006502087039,1.3914167902936236,0.431735264719906,0.36468186106843575,0.24379534494195193,0.582369506260851,0.428466796875,0.151123046875,1.5537334595047327,1.2976481063178604,0.8549241160809836,2.957260612016946,2.4140876631845605,1.6838906078303344,234,0.45,0.25692082348032147,0.27470812879317613,evaluation,0.4388806113886189
0.44390853132847896,2.8600375948877095,1.6256768080027086,1.1727710699930178,1.386184268693111,0.4529057380096908,0.36828714569210563,0.26208901992742284,0.577413721718147,0.443115234375,0.144775390625,1.5626303342662429,1.3030928287339387,0.856969074307454,3.0254028361635545,2.4418135615690453,1.6980509202978238,234,0.5,0.33149297627818664,0.3338814001427673,evaluation,0.454339536693252
0.4381652364612907,2.8827933192104647,1.6994366433044885,1.2454453199938171,1.3645212808804206,0.4539913233106714,0.3718288832350637,0.2781115789379607,0.5723186289602096,0.45458984375,0.136962890625,1.5721075338110653,1.3081085778578416,0.8590683679324983,3.094602294498503,2.471522097865525,1.71114805146527,234,0.55,0.3825895696668377,0.3825895696668377,evaluation,0.46998624631657815
0.43237667583657147,2.9051459281846372,1.7569580012183437,1.319778746165597,1.33125192864554,0.4371792550527467,0.3753132090250912,0.2895017726898085,0.5694911354169826,0.464599609375,0.128173828125,1.582525585953625,1.3126012019621447,0.8611704351289661,3.1638905423117074,2.50438723019788,1.7229219153924726,234,0.6,0.4117900825602726,0.4117900825602726,evaluation,0.48439228665847345
0.42654451286670786,2.926258584962171,1.799367024692076,1.3945524117664376,1.2902828244460687,0.4048146129256385,0.3787451417311316,0.29878379884559503,0.5671040558105579,0.467041015625,0.12353515625,1.5918296315814053,1.316517987852416,0.8632336662527775,3.2324365129190893,2.533921575980608,1.7332196123389798,234,0.65,0.42091307970821573,0.42091307970821573,evaluation,0.49010474398084936
0.42067196606053053,2.945413872488113,1.8279257822785135,1.4686120812214996,1.2446620899088339,0.359313701057014,0.3821286693118013,0.3056097510740171,0.5650748397879177,0.470458984375,0.12060546875,1.5989479355602205,1.319839890455504,0.8652256766492024,3.2995489429062763,2.556634500632307,1.7419773364376026,234,0.7,0.4119821554605528,0.4119821554605528,evaluation,0.4828877398081416
0.4147635679757842,2.962015258066068,1.843977726446596,1.5408961111491721,1.1966917906434271,0.30308161529742383,0.3854668872059243,0.3110914052869719,0.5624460400927666,0.470703125,0.121826171875,1.6041681397158094,1.3225692763442687,0.8671222561023038,3.3646714607035118,2.5733554204792966,1.7491894907298078,234,0.75,0.38717201812295227,0.38717201812295227,evaluation,0.45894975827900575
0.40882492520800595,2.9755846833355477,1.8488971035588235,1.6104566194365475,1.1480576882634066,0.23844048412227603,0.3887621625229459,0.3156375999578027,0.5616357288137356,0.476806640625,0.119384765625,1.6115683088891997,1.324716174089339,0.8689061701092233,3.427372403759987,2.5971524142160107,1.7548729418939013,234,0.8,0.34874311782403855,0.34874311782403855,evaluation,0.4430414205710317
0.4028624865678487,2.985756905484374,1.8440450830180595,1.676473461952663,1.099954830701715,0.16757162106539658,0.3920163050668268,0.3145959378798441,0.5628237991295955,0.479248046875,0.124267578125,1.6184100382203896,1.3262920411161436,0.8705659423229969,3.487331369630217,2.61925105181254,1.759050578328032,234,0.85,0.29897302856258623,0.29897302856258623,evaluation,0.3958095991703475
0.3968833252227507,2.9922713226544224,1.830734085099953,1.7382612409172884,1.0531984732823394,0.09247284418266455,0.3952307325616186,0.31205485837271285,0.5633297585183334,0.4755859375,0.12109375,1.6235350184168909,1.327317217928773,0.8720947037452562,3.5443241827068084,2.63586595602595,1.7617709970101831,234,0.9,0.24009150341096297,0.24009150341096297,evaluation,0.3831865977686272
0.390894939069699,2.994962050624584,1.810201230676682,1.7952700487331381,1.0083169559666414,0.014931181943543814,0.39840662202469795,0.30975606317632287,0.5629522130264204,0.474853515625,0.122802734375,1.6295765831644324,1.3278367361785037,0.8734891592336146,3.5982075629495145,2.655519840397883,1.7631503979451866,234,0.95,0.1742242983120682,0.1742242983120682,evaluation,0.34358446869244974
0.3849050720728591,2.9937470103205577,1.7835914510827124,1.8470810087803426,0.9656270854413942,-0.0634895576976302,0.4015450417621419,0.3072098864686329,0.5615049152729993,0.47509765625,0.1220703125,1.6350930359625473,1.3279300480791814,0.8747486970977059,3.648904433339626,2.673529236253236,1.7633982125915821,234,1.0,0.10334895138561545,0.11862457911798027,evaluation,0.30736477930768225
0.37892155782146547,2.9886167370059624,1.751950093203205,1.8933979303394335,0.9252941841386344,-0.14144783713622844,0.4046470597515318,0.30427681939249585,0.5604194266475846,0.470703125,0.120849609375,1.6402222786788048,1.3277033476341955,0.8758746511252975,3.696390531655366,2.6903291234743083,1.7627961793190545,234,1.05,0.029263946030037995,0.07580301129261245,evaluation,0.28189361837179405
0.3729521852357802,2.979623517557638,1.7162237190552172,1.9340365000254542,0.8873791777107772,-0.21781278097023704,0.407713825279523,0.30002309055025533,0.5616570644374341,0.465087890625,0.125,1.642476175869523,1.3272664666670881,0.8768697132288622,3.740682772653435,2.6977279882989897,1.7616362735389424,234,1.1,-0.04642885241958741,0.04408000437497606,evaluation,0.24688055935343142
0.3670045852927819,2.966871295969854,1.6772665557161943,1.9689123296454234,0.8518746774358659,-0.2916457739292291,0.41074662232099335,0.29760218398655314,0.561675155624214,0.46435546875,0.128662109375,1.6434250467541691,1.3267083068720416,0.8777374864624793,3.781829596418864,2.7008458842989596,1.7601549315232845,234,1.15,-0.12232989122319214,0.021942650902397068,evaluation,0.20862887445762843
0.3610861369678014,2.950506578190744,1.6358492614529292,1.998028872312944,0.818731542932735,-0.3621796108600148,0.4137468953784088,0.2952729166149122,0.5623400966210174,0.4599609375,0.129150390625,1.6431182208301631,1.3260854791776826,0.87848216124974,3.8199033186208657,2.6998374876240985,1.7585026980859093,234,1.2,-0.19723814382100263,0.00802286665451578,evaluation,0.19368961200660614
0.3552038903386955,2.930710359063602,1.5926667859302026,2.021465792879493,0.7878771886916355,-0.4287990069492902,0.416716250911386,0.2910181603002349,0.5635809376603649,0.459228515625,0.132080078125,1.6414819400706697,1.3254284286318725,0.8791082924725346,3.854994288158065,2.694462959578187,1.7567605194255602,234,1.25,-0.27014078823125937,0.001082025694149921,evaluation,0.16181300671602847
0.3493645049223497,2.907690937440897,1.5483431723867427,2.0393679761176857,0.7592269715514021,-0.49102480373094304,0.4196564394302905,0.28542832221976405,0.5662394641347993,0.459716796875,0.134033203125,1.63915046488969,1.3247568907378362,0.8796206524670924,3.8872065014683557,2.686814246548104,1.7549808195573846,234,1.3,-0.3401993369951082,0.0,evaluation,0.1354444215733349
0.3435742016664727,2.881677415828087,1.5034327926426787,2.051935101940799,0.7326902255440116,-0.5485023092981205,0.4225693242914879,0.27998917793977274,0.5684339684644937,0.455078125,0.1376953125,1.6368693895978421,1.3240916480285794,0.8800241356309572,3.916654260370217,2.6793413986024297,1.753218692379045,234,1.35,-0.40673473843936186,0.0,evaluation,0.10997835789601793
0.3378387274189325,2.8529137023913496,1.4584190900190857,2.0594116617435994,0.7081726869431808,-0.6009925717245137,0.42545684305706205,0.2745718237525787,0.5688204970744498,0.45068359375,0.138916015625,1.6356794169030942,1.323454811354184,0.880323694132163,3.943459501520493,2.6754471548804637,1.7515326376965443,234,1.4,-0.4692131353764149,0.0,evaluation,0.08565630482224126
0.33216333098290585,2.8216529184188044,1.41371285734046,2.062077392847958,0.6855770119219267,-0.6483645355074981,0.4283209661874691,0.27036074493022455,0.5693987588753371,0.4501953125,0.139892578125,1.6365019076077336,1.3228609227411259,0.8805242900921258,3.9677495429075273,2.6781384936037695,1.7499610209155088,234,1.45,-0.5272330068766092,0.0,evaluation,0.06053179831402153
0.32655274995538763,2.7881522178929705,1.3696521258299001,2.060238267085879,0.6648027792276744,-0.6905861412559791,0.43116365628034364,0.2671977719977633,0.568926647221364,0.447021484375,0.139404296875,1.6375352105780712,1.3223080816807438,0.880630855998471,3.9896551335858055,2.681521565882986,1.7484986628782142,234,1.5,-0.5805135912414756,0.0,evaluation,0.04484772102494125
0.32101120744836825,2.7526681036849903,1.3265049916940037,2.0542182764376786,0.6457468550977754,-0.7277132847436749,0.4339868295450817,0.2637343716754064,0.5689701074293964,0.437744140625,0.140625,1.6383803355555402,1.3217776152124945,0.8806482604258292,4.009308802178638,2.684290123935103,1.7470960640768347,234,1.55,-0.6288839881373747,0.0,evaluation,0.03455557383453009
0.3155424175879322,2.7154523505209016,1.2844755486023918,2.0443522475813074,0.6283044177548497,-0.7598766989789156,0.436792320062408,0.2581539578310157,0.5703227003632967,0.43603515625,0.138916015625,1.6407830067513858,1.3212441984228738,0.8805812793637954,4.026843541790763,2.6921688752441373,1.7456862318661082,234,1.6,-0.6722722363503549,0.0,evaluation,0.022271733603498628
0.31014959848731394,2.6767486160888683,1.2437120072972978,2.030979787185417,0.6123704505306107,-0.7872677798881194,0.43958184674814355,0.2534409031261343,0.5714438036513291,0.431884765625,0.14208984375,1.6429126139111678,1.3206912356882161,0.8804345743262944,4.042391838592345,2.6991618569484457,1.744225340023673,234,1.65,-0.7106938981381138,0.0,evaluation,-0.002277392082631252
0.30483549128839255,2.636789757149623,1.204315453658876,2.014440266063509,0.5978412335910425,-0.810124812404633,0.44235698274339635,0.24943709956768426,0.5719270634409919,0.427978515625,0.142578125,1.6437732611469658,1.3201234778775564,0.880212677458573,4.056084972191205,2.7019905340617507,1.7427259968435407,234,1.7,-0.7442400906675172,0.0,evaluation,-0.015716029546253868
0.2996023839050526,2.5957957965745946,1.166347692978706,1.9950685748359847,0.5846153398885509,-0.8287208818572787,0.4451191269991878,0.24503142595623906,0.57318032322013,0.423583984375,0.143798828125,1.6443119884563921,1.3195712425222021,0.879919982070187,4.068052429345917,2.7037619153814343,1.7412682640915944,234,1.75,-0.7730652962168716,0.0,evaluation,-0.028118772156515842
0.29445213826525923,2.553972437467589,1.1298371782451033,1.9731912996225893,0.5725938374354308,-0.843354121377486,0.44786947792219833,0.24184565925896775,0.5736571094833105,0.42041015625,0.148193359375,1.6451580980478893,1.3190856286194517,0.8795607355118157,4.078421221475398,2.706545167572569,1.7399868956303801,234,1.8,-0.7973755009027359,0.0,evaluation,-0.05368751020920973
0.28938622007561,2.511510008088732,1.0947828677956155,1.9491230101213903,0.5616797206285267,-0.8543401423257748,0.45060900899530326,0.23958523106353774,0.5728522009610396,0.420654296875,0.149169921875,1.6465292293439748,1.3187281928329924,0.879139030918256,4.087314910090904,2.711058503084084,1.7390440465725758,234,1.85,-0.8174171903144654,0.0,evaluation,-0.07371664042476858
0.28440573034484506,2.468582746563219,1.0611566734639983,1.923162512795459,0.5517769124573506,-0.8620058393314607,0.4533384462901632,0.23646307498414845,0.574706541518119,0.41845703125,0.151123046875,1.6478867454745219,1.3185596612780819,0.8786587953757655,4.0948522287039815,2.7155307259106327,1.7385995803497762,234,1.9,-0.833467504465099,0.0,evaluation,-0.08352947479720921
0.2795114380377398,2.4253483836034073,1.0289056617607717,1.8955891456276197,0.54278938246405,-0.866683483866848,0.4560582478385146,0.23452681780158408,0.5763086390238378,0.417724609375,0.154052734375,1.6498833701486082,1.3186307592588067,0.878123774270049,4.1011453258639925,2.7221151350929502,1.738787079263463,234,1.95,-0.8458255345620714,0.0,evaluation,-0.09612413810121159
0.2747038132608713,2.3819480332987233,0.9979552116456847,1.8666594032751147,0.5346209436465698,-0.86870419162943,0.45876858502540213,0.2335636378399557,0.5773165644016439,0.4150390625,0.149169921875,1.6490346680257022,1.3189759480893397,0.8775375142087689,4.106297803978235,2.7193153363506584,1.7396975516381792,234,2.0,-0.8548044666356088,0.0,evaluation,-0.07192769018098369
0.5,2.9468038744166845,-0.09984174439957594,0.806317406720435,-0.12382436937045178,-0.9061591511200109,0.22665164179642255,-0.005693808904893178,0.6147069500723013,0.274169921875,0.28662109375,1.564954989278214,1.295898730844484,0.9030833630054964,2.5810933429604854,2.4490841184667893,1.6793535206043495,235,0.0,-0.9061591511200109,0.0,evaluation,-0.3991068454470855
0.49414640026280565,2.908719136203694,0.17676323252046064,0.7993154871261592,0.22114325991104108,-0.6225522546056985,0.22917802368113285,0.0325125349808042,0.6136701840942104,0.29736328125,0.26171875,1.5636508489754541,1.293687167241152,0.9019287463011757,2.5841903988796253,2.4450039775016728,1.6736264866844421,235,0.05,-0.7502224375441603,0.0,evaluation,-0.2214391296822599
0.48835533035767287,2.88401194241798,0.4351423612567431,0.8061075979879679,0.5398067979297698,-0.37096523673122483,0.23147293645215578,0.06862000347587373,0.6103015731469762,0.31494140625,0.24169921875,1.5731275147234713,1.2929456964404566,0.901370177867534,2.5997925559803208,2.474730177580061,1.671708573943903,235,0.1,-0.5978522243898152,0.0,evaluation,-0.08582739732648706
0.48260161674539254,2.871104004912934,0.6748947296480658,0.8254198200831959,0.8176381439205588,-0.15052509043513007,0.23353554092594273,0.1018866804485325,0.6061621231987403,0.3359375,0.22216796875,1.5868411162704,1.2937140667595755,0.901380056274075,2.6268441111044445,2.5180647282863045,1.6736960865316042,235,0.15,-0.4506016021199135,0.0,evaluation,0.024658363568906022
0.47686320376010477,2.868454509093193,0.8955484702416795,0.8561342505168688,1.0460374289441352,0.03941421972481074,0.2353698287478282,0.1326219982231959,0.6019917772341337,0.359375,0.199951171875,1.60161340269639,1.2959866823491062,0.9019129223291716,2.664140065200187,2.5651654916967237,1.6795814808262484,235,0.2,-0.3100828391005986,0.011302568517587378,evaluation,0.1328394400201701
0.4711210878654216,2.874551973116718,1.0966068275641851,0.897204750766667,1.222248128564999,0.1994020767975182,0.23698442237627113,0.16262037412478111,0.5992374213097851,0.37744140625,0.184814453125,1.6154762040773623,1.2996749026582413,0.9029095732492884,2.7103605602356757,2.6097633659402195,1.6891548525997142,235,0.25,-0.17792316241031908,0.060095318654369415,evaluation,0.227889228803228
0.46535926157300384,2.8879127399680655,1.2776127189501554,0.9475900968680167,1.3482757187658805,0.33002262208213873,0.2383922205787779,0.19170047511289207,0.5935302939409548,0.39599609375,0.172119140625,1.6264277753295728,1.304589112824426,0.9043016975070869,2.764111717403151,2.6452673083635188,1.7019527533000278,235,0.3,-0.0557110854403702,0.12503999855907116,evaluation,0.2991758195803186
0.4595646540184914,2.907085690914185,1.4382158309725597,1.0062058805821663,1.4293454835907369,0.43200995039039336,0.23960990880515454,0.21820178391268186,0.5881051019028154,0.414794921875,0.161376953125,1.6333678949124084,1.3104450972140758,0.9060164996233088,2.823969711663969,2.6678906801306077,1.717266352812414,235,0.35,0.11209316621899308,0.20631595944888442,evaluation,0.35799599623207257
0.45372705674279473,2.930662110827467,1.5782331949376993,1.0718950535274352,1.4723766004367558,0.5063381414102641,0.24065736250715114,0.24163892048766644,0.5829993360536784,0.43212890625,0.15283203125,1.6384431638406525,1.3168945091831767,0.907980870178037,2.888524111198749,2.6844960011361834,1.7342111483168055,235,0.4,0.2505362872145614,0.2907424978793033,evaluation,0.4019585995455509
0.44783902568866013,2.957289370793671,1.6977002172981794,1.1434163234580543,1.4847612216727801,0.5542838938401251,0.24155697818613794,0.261937597477236,0.5779190720525061,0.4443359375,0.145263671875,1.6413842135883903,1.3235732296110432,0.9101248022847119,2.956417105772377,2.694142136617194,1.7518460941430132,235,0.45,0.360492699944025,0.3714008796233622,evaluation,0.4396018704243231
0.44189575314198004,2.9856870661584805,1.7969114442335887,1.219449256733202,1.4735434330800754,0.5774621875003867,0.24233296993442147,0.2809832070084883,0.572126434764437,0.45556640625,0.13427734375,1.641986336029252,1.3301541483898058,0.9123839167189697,3.026376559578789,2.6961191277067824,1.769310058478615,235,0.5,0.4430150893631631,0.4430150893631631,evaluation,0.4842549559125605
0.4358949060530589,3.014664260619165,1.8764490701378223,1.2986143941263433,1.4449624758704631,0.577834676011479,0.24301066794635226,0.2980905528786836,0.5667087722218153,0.4658203125,0.12890625,1.6425628854638796,1.336387428699103,0.9147010955345752,3.0972420731906265,2.6980128327034416,1.7859313595850055,235,0.55,0.49939896594233474,0.49939896594233474,evaluation,0.5020154938206215
0.4298364299144575,3.043136433390379,1.9371948332534001,1.3795057239268724,1.4042673398549022,0.5576891093265277,0.243615850417932,0.31192569803873516,0.5631538478119387,0.474853515625,0.123291015625,1.6418564746139852,1.3421158269368465,0.917027318589051,3.167984000697049,2.695692683231879,1.801274892914381,235,0.6,0.5312228423725885,0.5312228423725885,evaluation,0.5195960710354234
0.42372232026736645,3.0701406427996822,1.9803202772591788,1.4607316710043399,1.3557043477380009,0.5195886062548389,0.24417413265151,0.32066226906011375,0.5614421312483369,0.484130859375,0.1181640625,1.6407169538149353,1.3472635544235565,0.9193218477890515,3.2377156579543795,2.6919521225357763,1.8151190850780008,235,0.65,0.5403611256320375,0.5403611256320375,evaluation,0.5255333138318298
0.41755636689816494,3.0948474326217172,2.0072527002984755,1.5409598053640416,1.302598999215476,0.4662928949344338,0.2447104286036961,0.32534567880094956,0.5604958263746854,0.489501953125,0.1201171875,1.639428335456746,1.3518083727730976,0.9215519198778369,3.3056990341229997,2.687725267098492,1.8273858766994555,235,0.7,0.5289688878304395,0.5289688878304395,evaluation,0.4996823858093955
0.4113438785506111,3.116568233691205,2.019618703710753,1.618960165509157,1.2474789353915885,0.40065853820159614,0.24524849208979477,0.32662791409100334,0.5610900027268262,0.497314453125,0.117919921875,1.6370736578203264,1.3557522508121775,0.923692102568091,3.371344422204278,2.6800101611292386,1.8380641655822905,235,0.75,0.4994400501065857,0.4994400501065857,evaluation,0.4824301827621834
0.40509139804539696,3.1347574786394845,2.0191720235662,1.693642587512197,1.192206690156614,0.32552943605400286,0.24581053852450943,0.32617264935922485,0.5615699371847643,0.49462890625,0.118896484375,1.63712502801971,1.3591037312271887,0.9257234506106722,3.4342045970541313,2.6801783573685523,1.8471629522356723,235,0.8,0.4543430851525473,0.4543430851525473,evaluation,0.46146370223379407
0.39880641865551303,3.1490092698358922,2.007715262490504,1.7640845855374199,1.1381060063391821,0.24363067695308427,0.24641694395462693,0.32476718373828484,0.5627748952650979,0.491943359375,0.12109375,1.6377408439069123,1.3618770030071088,0.9276325742257626,3.4939644273738013,2.6821950718009413,1.85470897131963,235,0.85,0.3963407195666574,0.3963407195666574,evaluation,0.43599118178851226
0.392497112259949,3.15904907412018,1.9870253298181253,1.8295478192673609,1.0860745528989924,0.15747751055076442,0.24708601611231854,0.3215503023613771,0.5640554196733434,0.489990234375,0.124755859375,1.6370004137631597,1.3641030577776143,0.9294107059480566,3.550427000730718,2.6797703546607723,1.8607771522382432,235,0.9,0.32810179253177496,0.32810179253177496,evaluation,0.39977381518578003
0.386172078313613,3.1647214229604055,1.9587902712402525,1.8894826802024947,1.0366807231227597,0.06930759103775785,0.24783383174164889,0.31636093814346455,0.5661884882250883,0.488037109375,0.127685546875,1.6351098855159578,1.365842088219467,0.9310528259557528,3.6034974028460045,2.6735843377120245,1.86552460995172,235,0.95,0.25221401040095875,0.25221401040095875,evaluation,0.3655173588077164
0.3798401203788452,3.165974891910076,1.9245619482671217,1.9435218194566894,0.990244580225568,-0.018959871189567767,0.24867413483927658,0.3092514055231457,0.5698013580082848,0.481201171875,0.13232421875,1.63214635140199,1.3671863505716015,0.9325568824907375,3.653165236932543,2.6639017123948436,1.8691985171892993,235,1.0,0.1711056977903718,0.1756674547886606,evaluation,0.3345934039074472
0.37351005430442863,3.162845708785822,1.8857259308550658,1.9914644416260954,0.9469041432220148,-0.10573851077102958,0.24961829111672698,0.300515567797768,0.5734920992883253,0.47705078125,0.135498046875,1.6317625938301297,1.368248661781017,0.9339231246390807,3.699486857536634,2.6626491626232474,1.8721044004655494,235,1.05,0.08698294075663816,0.11615854405894828,evaluation,0.29915706112173823
0.36719054951628816,3.1554412365034405,1.8434876612483926,2.0332538885868154,0.9066687006459793,-0.18976622733842285,0.25067529455099963,0.29280241504300314,0.5752698712620571,0.47216796875,0.13671875,1.6327420774353851,1.369140203065858,0.9351535503232595,3.742568183879825,2.6658466914280328,1.8745448956512243,235,1.1,0.0017861081142253482,0.07133094608177831,evaluation,0.26722486971210546
0.36089000260027826,3.1439243525779377,1.7988724926082433,2.0689514205255324,0.8694609620903102,-0.27007892791728905,0.25185182213252844,0.28759186322249397,0.5749750065164945,0.464111328125,0.13623046875,1.6345814789517816,1.3699477899992272,0.9362514627460228,3.7825488662857762,2.6718566113322098,1.8767569473237726,235,1.15,-0.08283293166381027,0.03908672675081694,evaluation,0.24632972350815294
0.354616440597203,3.1284994562773063,1.7527363508228622,2.098709135116464,0.8351497220340622,-0.345972784293602,0.25315233273606425,0.28105863584603524,0.5766943453042205,0.459716796875,0.139404296875,1.6367917759931974,1.370721675027234,0.9372211229137775,3.819588478438337,2.6790873179589805,1.8788779103894713,235,1.2,-0.1655140848190933,0.017546559621331437,evaluation,0.21118089415543137
0.34837745028371325,3.109400518501304,1.705783298470768,2.1227446258949128,0.8035744279656998,-0.4169613274241448,0.2545792053835205,0.2742283147464734,0.5786271216355253,0.453369140625,0.144287109375,1.6395448390814795,1.3714795926759002,0.9380674831713345,3.8538552545020117,2.6881072793587304,1.8809562731264589,235,1.25,-0.24517598925178766,0.005022549091293829,evaluation,0.17320679231999267
0.3421801291930169,3.086881284784014,1.6585861801812258,2.141319304295594,0.7745627552388001,-0.482733124114368,0.25613291107198016,0.26757591022797156,0.5804856414661673,0.44921875,0.146240234375,1.6402540654394893,1.3722239885664107,0.9387959859284672,3.885517659538157,2.690433399190789,1.8829986747971144,235,1.3,-0.3209911326553266,0.0,evaluation,0.14599965464876416
0.33603105417846446,3.0612074835519048,1.611606907478984,2.1547214190138497,0.7479421206183431,-0.5431145115348657,0.25781221096666573,0.2628406428212269,0.5812836326518925,0.4453125,0.1474609375,1.6425312426853695,1.3729622300722897,0.9394124122939839,3.9147387906507327,2.697908883197561,1.88502528520508,235,1.35,-0.3923540912810211,0.0,evaluation,0.12264137723309618
0.3299362638149057,3.032650711915445,1.5652138498570014,2.1632538881980254,0.7235460702954349,-0.598040038341024,0.259614372412841,0.25873382611918005,0.5826929708390886,0.442626953125,0.14892578125,1.643652086726764,1.3737183642477317,0.9399227667953609,3.9416733084477755,2.701592182201263,1.8871021442714695,235,1.4,-0.4588475597069525,0.0,evaluation,0.10311973527302395
0.323901251687175,3.0014835901775956,1.5196950996498557,2.1672263077706364,0.7012166169268785,-0.6475312081207807,0.26153539329592673,0.2538470173695375,0.5841546707073426,0.440673828125,0.149658203125,1.6453465411558945,1.3745304023098166,0.940333186544873,3.9664663612900557,2.707165240493683,1.8893338268739917,235,1.45,-0.5202099330910748,0.0,evaluation,0.08341532516387754
0.3179309684305844,2.9679757940511022,1.475267752757416,2.1669500488138675,0.6808037654420966,-0.6916822960564515,0.26357022514023154,0.25000766688306975,0.5839780783721998,0.4345703125,0.15283203125,1.6473505487521745,1.3754357413374445,0.9406498659057154,3.9892538414538348,2.7137638304741083,1.8918234785484913,235,1.5,-0.5763069111444317,0.0,evaluation,0.05745768226227052
0.3120298310858951,2.9323906680155556,1.4320844231863719,2.1627352482020497,0.6621635377593762,-0.7306508250156778,0.26571298618786343,0.24672954888269932,0.5831554170127162,0.430908203125,0.1484375,1.6486596335884045,1.3764537907779963,0.9408789906181368,4.010163321390893,2.7180785874238698,1.894625038147122,235,1.55,-0.6271081972949495,0.0,evaluation,0.057218688825012826
0.30620173879429047,2.8949822559385616,1.390238718996459,2.1548886735417074,0.6451557038960654,-0.7646499545452485,0.2679571574990401,0.24377098611144515,0.5818523286433408,0.42529296875,0.149169921875,1.651631479126852,1.3775753908702328,0.9410266781021702,4.02931514017329,2.7278865428427714,1.897713957531281,235,1.6,-0.672669136011439,0.0,evaluation,0.03868881451167808
0.3004500940527772,2.8559927137159766,1.3497712877366463,2.1437117877781344,0.6296421447286188,-0.7939405000414881,0.2702957575760593,0.24316843070186206,0.5806872667424569,0.42724609375,0.148193359375,1.655046121981292,1.3787635261776825,0.9410989229106239,4.046823298206186,2.7391776658853324,1.900988861117923,235,1.65,-0.713116269624736,0.0,evaluation,0.02381638089556201
0.29477782872137615,2.8156501596457977,1.3106774350201809,2.129498717720502,0.6154863696857168,-0.8188212827003212,0.27272149368819576,0.24272376990544386,0.5786484011942188,0.428466796875,0.14501953125,1.6598632152394528,1.3799631149625138,0.9411015478207131,4.0627960169180675,2.7551458933050723,1.9042981986570502,235,1.7,-0.7486354024576466,0.0,evaluation,0.014941629319145194
0.28918743381569334,2.7741670548690163,1.2729165014044583,2.112534138238613,0.6025542869881334,-0.8396176368341548,0.27522689049025356,0.2433827331751007,0.576394455009534,0.428955078125,0.146728515625,1.6642281178792147,1.3811138377863335,0.941040161746963,4.077335982812756,2.769655228339813,1.907475432924901,235,1.75,-0.7794608171835685,0.0,evaluation,-0.00803077067239319
0.28368099194178453,2.731739190288353,1.2364224349343953,2.0930912634476733,0.5907159694975744,-0.856668828513278,0.27780439831401127,0.24354356938892535,0.5747423379701572,0.42529296875,0.147216796875,1.6645996375587138,1.3821609027433648,0.9409201256222391,4.090540395128188,2.7708919533606213,1.910368761072359,235,1.8,-0.8058646800255215,0.0,evaluation,-0.015716137490732335
0.2782602111256267,2.6885453037684197,1.2011145241732355,2.071430182220205,0.5798479400767707,-0.8703156580469695,0.2804464844862623,0.24400162571912942,0.572446347641009,0.42431640625,0.1455078125,1.6651853377098524,1.3830624777101372,0.940746526843343,4.102500968578027,2.7728422089238953,1.9128618172497098,235,1.85,-0.82814622513299,0.0,evaluation,-0.020734925633153184
0.27292645880841904,2.644747284432949,1.1669071388988637,2.0477967193787503,0.5698354372072995,-0.8808895804798866,0.2831457112070018,0.2439138312638199,0.5706532294122079,0.421142578125,0.14404296875,1.6670263581856408,1.3837955616339204,0.9405241620840781,4.113304019973243,2.7789768788857008,1.9148901563977432,235,1.9,-0.8466208469499026,0.0,evaluation,-0.023084509082451604
0.26768079492821917,2.6004908606309396,1.1337175245152031,2.0224218945222945,0.5605741945268015,-0.8887043700070913,0.2858948030796699,0.24285600401812335,0.5692459022895365,0.41650390625,0.14453125,1.6694033402117514,1.3843618372900828,0.940257527500156,4.123030712176885,2.7869075123101736,1.9164576965451805,235,1.95,-0.8616096158253764,0.0,evaluation,-0.032062200787963846
0.2625240032585613,2.555906629261414,1.1014710968859256,1.9955219349318327,0.5519714304335883,-0.8940508380459071,0.28868670657378487,0.2416669473613699,0.5692249769544023,0.4169921875,0.14453125,1.6719192298385486,1.3847920988256321,0.9399508147802148,4.131757464440752,2.7953139111039467,1.917649156969906,235,2.0,-0.8734298968002344,0.0,evaluation,-0.04098404883081494
0.5,2.861037685752795,0.12461264374454756,0.771173735784169,0.16158828803711142,-0.6465610920396214,0.2313381917177523,0.017579711270417644,0.6053996466564769,0.28125,0.266357421875,1.6333859672389068,1.287812414262647,0.9088349513466935,2.5604918099250993,2.667949717972995,1.658460814328993,236,0.0,-0.6465610920396214,0.0,evaluation,-0.3683756295484272
0.4943051640262487,2.835601777214884,0.39302261776259056,0.7689799863351985,0.5110960294762105,-0.3759573685726079,0.22993534329627213,0.050141235369619806,0.6046814788618955,0.303955078125,0.2490234375,1.6390629001142283,1.2891195132267386,0.9098512600644907,2.5663865740098504,2.686527190530881,1.6618291193819492,236,0.05,-0.4977739650781131,0.0,evaluation,-0.23469359212666965
0.48864818543218447,2.822928812282238,0.6437830942025625,0.7798299850469778,0.8255428831244291,-0.13604689084441524,0.2284325559978777,0.08238973750665923,0.6028449581813841,0.323486328125,0.2314453125,1.6526240348249426,1.2934494912918242,0.9113398030102337,2.58453998756202,2.731166200481089,1.673011586523084,236,0.1,-0.3524466481898788,0.0,evaluation,-0.10387081584472804
0.48300506280866123,2.821493446702905,0.8761743992846163,0.8026416589545357,1.0916134111776097,0.07353274033008061,0.22687870620908557,0.11312643236780182,0.5978843562305111,0.341552734375,0.2119140625,1.670562797047449,1.3004313313640319,0.9132164682962275,2.613864420674005,2.7907800588790135,1.6911216475932338,236,0.15,-0.21222325177040194,0.024205421377171223,evaluation,0.017381416858166382
0.4773548297978233,2.8297859507815577,1.089528126303807,0.8364664121889015,1.3025366116646366,0.2530617141149055,0.22532114287067118,0.1418744630852157,0.5944469031337677,0.3583984375,0.1982421875,1.6930695658738917,1.3095233302397784,0.9153919221515148,2.6531387746858686,2.8664845548884252,1.7148513524422855,236,0.2,-0.07879640116065678,0.08983310467039154,evaluation,0.11740394565676024
0.47167952607258135,2.8463109278103778,1.2832584363330155,0.8804059436756534,1.4575758439061326,0.4028524926573621,0.22380445718392572,0.16960981996874602,0.5914347432317111,0.380615234375,0.18603515625,1.7130830260100602,1.3200809745096131,0.9177772885703144,2.701043267050239,2.9346534540038016,1.7426137792622558,236,0.25,0.04614265022030571,0.17102989739824495,evaluation,0.2028718499062022
0.4659641650856462,2.8695918418621327,1.456909342922906,0.9335439650150642,1.560622099784445,0.5233653779078419,0.2223694211532062,0.19579446879405277,0.5888516371171064,0.39794921875,0.17431640625,1.7242983112202612,1.3314229150942387,0.9202888936229471,2.7561979532075465,2.973204666077063,1.772686978838046,236,0.3,0.16096274029396224,0.2558020368231409,evaluation,0.2906265819944923
0.4601966871276618,2.8981810836962714,1.6102093124929653,0.9948969452932831,1.6184684455115055,0.6153123671996822,0.22105214466215742,0.2202735975992734,0.5851520904058581,0.415283203125,0.165771484375,1.7345038645127817,1.3428840438823286,0.9228517753383115,2.817203746722393,3.008503656009792,1.8033375553137616,236,0.35,0.31819105562745764,0.35747753891421186,evaluation,0.3507834681451286
0.4543678873988247,2.930674690839781,1.7431238836544014,1.06338632032046,1.6392197739849586,0.6797375633339413,0.2198834757635274,0.24344011189639278,0.5804673515851051,0.42822265625,0.154052734375,1.7446998153751094,1.3538595429867735,0.9254018798271214,2.882683796862818,3.043977445769958,1.8329356621363606,236,0.4,0.4463641617507939,0.4562231422427247,evaluation,0.4163113033223419
0.4484713111334526,2.965730285221621,1.855896373076201,1.1378324016517638,1.6310806146687695,0.7180639714244372,0.2188886450816145,0.26492436909604333,0.5756037359291888,0.441162109375,0.146240234375,1.7551129778224817,1.3638466003878467,0.9278870423051516,2.951322525727223,3.0804215649209166,1.8600775493894928,236,0.45,0.5462905624429208,0.5462905624429208,evaluation,0.45586639162366105
0.44250311115347507,3.0020863586950988,1.9490676742877833,1.2169677723654793,1.6015770660050315,0.732099901922304,0.21808713739478938,0.2823595606008516,0.5715776519702175,0.449951171875,0.136962890625,1.7609868754777727,1.3724818900772782,0.9302669656360618,3.0218995134228197,3.1010747756049866,1.8837065385901037,236,0.5,0.6190457836040024,0.6190457836040024,evaluation,0.4945115396114994
0.43646186722243474,3.0385808289067953,2.0234695321101936,1.2994657821444786,1.5571549169774277,0.724003749965715,0.21749276346004962,0.295809797393742,0.5692670708637029,0.45654296875,0.13525390625,1.7604376862560795,1.3795656635282936,0.93251245865436,3.0933158259472924,3.099140847190676,1.9032014199862666,236,0.55,0.6660130785881366,0.6660130785881366,evaluation,0.49914492222551743
0.4303483706800268,3.0741668917428733,2.0801909295359797,1.3839783691503957,1.5030516198117885,0.696212560385584,0.2171139021297163,0.30839910776018714,0.5661926490711848,0.465576171875,0.1328125,1.7574875462209991,1.3850636663611355,0.9346041953874973,3.164611257847028,3.088762475121926,1.9184013598737566,236,0.6,0.6888927751710011,0.6888927751710011,evaluation,0.49488235688955917
0.42416538141048854,3.107924620764103,2.120522762965252,1.4691771221156449,1.4433404461891268,0.6513456408496072,0.21695388426357512,0.3169078215663661,0.565370563234373,0.4814453125,0.12744140625,1.7532131268640088,1.3890840295636484,0.9365312227787813,3.234972109371204,3.0737562682082924,1.9295544411887893,236,0.65,0.6896798807216833,0.6896798807216833,evaluation,0.4874275836045381
0.4179173666655146,3.1390674245071133,2.145890081959251,1.553792217918645,1.3810663081024697,0.592097864040606,0.2170114928834522,0.32377987718295775,0.5657558392969115,0.4931640625,0.126220703125,1.7494087476285527,1.391835483332643,0.9382893957001827,3.30373025744439,3.0604309662793177,1.9372060126638175,236,0.7,0.6706139134093376,0.6706139134093376,evaluation,0.47073001438341344
0.41161023229312266,3.1669432207965205,2.1577827201532904,1.6366453327046862,1.3184180329328794,0.5211373874486043,0.21728155604524987,0.3296079034808671,0.5644924146566391,0.495849609375,0.125244140625,1.748070735468028,1.3935808272322177,0.9398798667334037,3.3703551658158624,3.055751296199749,1.942067522029238,236,0.75,0.6341084479447896,0.6341084479447896,evaluation,0.4568302823866457
0.4052510565073343,3.1910308604791884,2.157693950426624,1.7166744000782717,1.256903435111658,0.4410195503483525,0.21775560876643296,0.332676220049698,0.5632666788150241,0.4951171875,0.11767578125,1.7460560685899673,1.3945970104044938,0.9413077122598099,3.4344409712728305,3.04871179465987,1.9449008214291577,236,0.8,0.5826699395491917,0.5826699395491917,evaluation,0.4658445144132133
0.3988478347573806,3.210932802604158,2.14707350907825,1.7929497508573418,1.1975090255884615,0.35412375822090825,0.21842259810780848,0.33229748001806764,0.5631232337960946,0.495849609375,0.120361328125,1.743173301597446,1.3951412738083768,0.942580739440147,3.495690856877161,3.038653159402157,1.946419173883666,236,0.85,0.5188156970923473,0.5188156970923473,evaluation,0.42754509948944014
0.3924092420014309,3.226365246873555,2.127297141472423,1.8646823996826856,1.1408361776967633,0.26261474178973754,0.21926960232310555,0.3298083929565626,0.5621394856677006,0.493896484375,0.1201171875,1.7412978100157852,1.395417144606034,0.9437084912689019,3.55390065055643,3.0321180631657865,1.9471890074604628,236,0.9,0.44499949376804654,0.44499949376804654,evaluation,0.3951279674303697
0.3859444162886242,3.2371468808845223,2.0996510354465623,1.9312259076551315,1.0872115101210145,0.16842512779143082,0.22028253260024314,0.32550232873736695,0.5605438643526772,0.48779296875,0.120849609375,1.739187371381455,1.39554483540981,0.9447014479573517,3.608943095907324,3.0247727127727515,1.9475453876389988,236,0.95,0.3635507071198538,0.3635507071198538,evaluation,0.35797407729026787
0.3794627654415986,3.2431871742841456,2.0653271222348746,1.992073397187579,1.03677260343455,0.07325372504729555,0.22144678600009912,0.3199767036531529,0.5609422426759094,0.48486328125,0.121826171875,1.7374690358800526,1.3955541622232153,0.9455704107320427,3.6607536792416546,3.018798650641976,1.9475714196985456,236,1.0,0.276629797502037,0.276629797502037,evaluation,0.32124576653547066
0.37297379706178113,3.24447485332653,2.025424610987656,2.0468511073811095,0.9895319711745579,-0.021426496393453398,0.2227478217621956,0.3147164423738865,0.5619999966528083,0.481201171875,0.123291015625,1.737817393790733,1.395412324365443,0.9463260470830673,3.7093183941818273,3.0200092941616328,1.9471755549909737,236,1.05,0.1862001072428392,0.19135533582505795,evaluation,0.2887579238880523
0.3664869710986606,3.241066912446881,1.980953987414811,2.0953095744591743,0.9454230589893239,-0.11435558704436333,0.22417164018513938,0.30902294362772204,0.5621958319297155,0.475341796875,0.124755859375,1.7377829870211672,1.3950741982535124,0.9469785732124746,3.7546634684596647,3.019889709980226,1.9462320186326862,236,1.1,0.09401392424789962,0.1257486949877889,evaluation,0.2557604585778147
0.3600115737232634,3.2330783221749333,1.9328413066507086,2.1373132661447296,0.9043322461274729,-0.20447195949402097,0.22570515278583003,0.30412295021587443,0.562285108800911,0.46826171875,0.126220703125,1.737878951150984,1.3945246505527338,0.9475375488593394,3.7968468921347576,3.0202232488536613,1.94469900099923,236,1.15,0.0016097072968195457,0.07678802280422478,evaluation,0.22816272497416448
0.3535566110471897,3.220672486386362,1.8819321215620755,2.172829350844476,0.8661205358030798,-0.29089722928240036,0.2273364427077979,0.29872448200404,0.5648809037786054,0.4658203125,0.1298828125,1.7367857897601997,1.3937906208448312,0.9480117609417814,3.835951540895539,3.0164248795129778,1.9426522947550253,236,1.2,-0.08968279366241975,0.04185806253464036,evaluation,0.19600479012275712
0.34713072117045585,3.204052461643654,1.828995245171054,2.2019162049399834,0.8306379875254636,-0.37292095976892936,0.22905492355530468,0.2949840059994371,0.5661163188398661,0.46142578125,0.130615234375,1.7343561572212014,1.392926399216074,0.9484091748010424,3.872079716612999,3.0079912800911095,1.9402439536330636,236,1.25,-0.1787323764214993,0.01868918658603458,evaluation,0.17905521491731127
0.3407421030308584,3.183452937807306,1.7747266157132082,2.224712171684715,0.7977331352348628,-0.4499855559715069,0.23085141152184233,0.290789182157252,0.567558311086827,0.461669921875,0.131103515625,1.7325170684562943,1.391992865342157,0.9487369346245,3.9053489599823377,3.0016153924924094,1.937644137163474,236,1.3,-0.2645933986610854,0.005308515628104057,evaluation,0.15630776003886782
0.3343984605457385,3.1591329604646976,1.719753076224449,2.2414249178171737,0.7672588372486024,-0.5216718415927246,0.23271812912370934,0.28485123489075925,0.5679362013271599,0.453369140625,0.1337890625,1.7315029265298023,1.3910466963283514,0.9490013974088112,3.935888980039946,2.9981023845812875,1.9350109113660265,236,1.35,-0.3464915725317045,0.0,evaluation,0.12881575682616087
0.3281069606086503,3.131369341203575,1.664635357696857,2.2523214838542276,0.7390753805039822,-0.5876861261573705,0.23464865910980442,0.279422842523179,0.5677704039844433,0.447509765625,0.1337890625,1.7328743817894041,1.3901384331295228,0.9492081873761576,3.9638394831552937,3.0028536230620273,1.9324848632638107,236,1.4,-0.42380969599897084,0.0,evaluation,0.10776803175017446
0.32187420365262076,3.100450661849987,1.609869376551201,2.257718851138742,0.7130513065164069,-0.6478494745875407,0.236637864917747,0.27463651947001044,0.5684708349603235,0.44287109375,0.134521484375,1.733311149022253,1.3893079228222764,0.9493622600713907,3.9893485956870087,3.004367539324862,1.9301765044167543,236,1.45,-0.4960741494322237,0.0,evaluation,0.0892580554162172
0.3157062057081436,3.0666717551240863,1.5558852985526173,2.257974647578298,0.6890623418740865,-0.7020893490256808,0.23868179045653282,0.2692910875330618,0.5707505920670601,0.44189453125,0.137451171875,1.7317520452141688,1.3885705038956153,0.9494679675808372,4.012571505144386,2.9989651461034748,1.9281280442889284,236,1.5,-0.5629426986720966,0.0,evaluation,0.0631384965584613
0.3096083911150631,3.0303285552689156,1.5030445713578942,2.2534775660489204,0.6669889214798,-0.7504329946910262,0.2407775481116934,0.26379211603137015,0.574056776651834,0.4384765625,0.142333984375,1.7307106947685311,1.387899898310987,0.949529118575181,4.033668936991364,2.9953595089861897,1.9262661277316535,236,1.55,-0.6241938170715292,0.0,evaluation,0.03828830667948241
0.3035855952161155,2.991713262627011,1.4516359770416791,2.244637203431704,0.6467129631560734,-0.7930012263900248,0.242923200542955,0.25960795441755125,0.5754263618808244,0.4345703125,0.1435546875,1.7302870828531056,1.3872210383292587,0.9495490292446325,4.052805159404427,2.9938933890883286,1.9243822091833123,236,1.6,-0.6797173532609548,0.0,evaluation,0.024653815755961733
0.29764207639721896,2.951109843555649,1.4018723588463877,2.2318733068413867,0.6281146669702139,-0.830000947994999,0.24511763954570193,0.25478481325776264,0.5754826176861267,0.431640625,0.140380859375,1.729866012358814,1.3864218576071976,0.9495305635745132,4.070145358089676,2.9924364207142045,1.9221655672509979,236,1.65,-0.7295059870119601,0.0,evaluation,0.019111020959427155
0.29178153671445933,2.9087899675132762,1.353889802854718,2.215604749133496,0.6110700942414087,-0.8617149462787781,0.24736046405143416,0.25079373057766163,0.5752875181538813,0.423828125,0.146240234375,1.7288225088031999,1.3853817487231819,0.9494761635925674,4.085852414040247,2.9888272669446088,1.9192825896953076,236,1.7,-0.7736466340152802,0.0,evaluation,-0.011358434919370969
0.28600715008055455,2.865009540720087,1.3077506653281874,2.1962388446584833,0.5954501116801545,-0.8884881793302959,0.2496518590232015,0.24846659388072245,0.5747639200703295,0.42626953125,0.1484375,1.7269510458899773,1.3840049790125717,0.9493878719516611,4.100083302696292,2.9823599149005062,1.9154697819315956,236,1.75,-0.812310877016985,0.0,evaluation,-0.039010309903196094
0.2803215966405081,2.8200060120156802,1.2634510651163238,2.174161774806293,0.5811210001743734,-0.9107107096899694,0.2519924771794436,0.2468137112953848,0.5748352290164426,0.4287109375,0.14453125,1.723314762503634,1.382245811065715,0.9492673502847709,4.112985469887132,2.969813770662977,1.9106034822087226,236,1.8,-0.8457436618479575,0.0,evaluation,-0.037219003931891315
0.27472710163793523,2.7739965957023083,1.2209325417767949,2.1497308807039057,0.5679466917165994,-0.9287983389271108,0.25438332576613587,0.24491358277428643,0.5751514783831635,0.42724609375,0.145263671875,1.7167015700905126,1.3801178572801676,0.9491158970859174,4.12469359933787,2.9470642807512517,1.9047252999836073,236,1.85,-0.8742498790848939,0.0,evaluation,-0.04578203713036785
0.26922547684892917,2.7271774856278563,1.1800967561368978,2.123269405518382,0.5557922857409539,-0.9431726493814843,0.25682566070521784,0.24272492417873165,0.5757088448952948,0.42431640625,0.147216796875,1.7098821446790975,1.3776883663252597,0.9489344684677754,4.135327159756664,2.9236969486924096,1.8980252347079691,236,1.9,-0.8981789685002076,0.0,evaluation,-0.05606470787261661
0.2638181626031209,2.6797240412704557,1.1408215627509235,2.095063977788665,0.5445282697070941,-0.9542424150377413,0.25932089023869404,0.23955466745237117,0.5780857715497566,0.4248046875,0.14892578125,1.7013798318177888,1.3750636519964607,0.948723704180099,4.144989017409881,2.8946933321163475,1.8908000470418496,236,1.95,-0.9179082103512824,0.0,evaluation,-0.0646631702311127
0.25850626854725844,2.631791830768207,1.1029766016000417,2.065364787413512,0.5340347663142434,-0.9623881858134702,0.2618704896667772,0.23803088126314306,0.5800719892113521,0.422119140625,0.1533203125,1.6947696170514697,1.3723725965027787,0.9484839599779066,4.153765247855984,2.872244054880806,1.8834065436317846,236,2.0,-0.9338257802447925,0.0,evaluation,-0.07511731000702707
0.5,3.0340863515561214,0.05403882219669334,0.8410324677237182,0.06425295606357645,-0.7869936455270249,0.17525609310141851,0.005248978031141691,0.6106666152895024,0.28759765625,0.275390625,1.638316901174046,1.3023113575998184,0.9308585407447428,2.6014648374649734,2.684082268672543,1.6960148721334876,237,0.0,-0.7869936455270249,0.0,evaluation,-0.42100741682154486
0.49396524775953204,3.002846923813478,0.3687109847747588,0.8379111392827477,0.44003590296027756,-0.46920015450798896,0.17589596664102822,0.03901580599321015,0.6080191364637277,0.30126953125,0.251708984375,1.6290666403056278,1.3091784680557161,0.9307257372918764,2.607779771220097,2.6538581185566796,1.7139482612207175,237,0.05,-0.6122599800401414,0.0,evaluation,-0.23048370287562583
0.4879777549952104,2.9865014432520587,0.6592819902468124,0.850452380387178,0.7752132928908576,-0.19117039014036552,0.176706491961192,0.07274402979438627,0.6052092000024301,0.320068359375,0.234375,1.6261118348889922,1.3185259186974085,0.9308577508280529,2.6278379611155867,2.6442396995660595,1.738510598276851,237,0.1,-0.44308320387722394,0.0,evaluation,-0.08045437727236285
0.48200970389557024,2.9830842573644754,0.9251761856762462,0.8771324247501439,1.0547736687989706,0.0480437609261023,0.1776943280042765,0.10547899763772717,0.6027370235928514,0.340576171875,0.21630859375,1.636815390784358,1.3292354805829287,0.9312161809126392,2.6602444507363985,2.6791646235085653,1.7668669628405351,237,0.15,-0.28141460456497225,0.01581498897688511,evaluation,0.0518823436734602
0.4760371580485311,2.990681658420627,1.1661895181377377,0.9166262628447294,1.2722628244563867,0.24956325529300838,0.17886256625703903,0.1370705802656908,0.5996280888429673,0.36083984375,0.20263671875,1.6539557768931694,1.3402737415700436,0.9317594624935884,2.703471305004718,2.735569711918304,1.7963337023421693,237,0.2,-0.12914941488803638,0.08284551284241702,evaluation,0.1503421907984813
0.47003995053799963,3.0074395403869136,1.382357403765251,0.9677099644820518,1.428483176263594,0.41464743928319925,0.18021081705027223,0.16688052862150232,0.5970568200656455,0.38037109375,0.1904296875,1.6704307853980749,1.3508104774283538,0.9324457741217442,2.7559194649704906,2.7903390088056446,1.824688945930223,237,0.25,0.01191073074114898,0.16891446985231345,evaluation,0.23567012557327968
0.4640015579060937,3.031570209393599,1.5738727071232992,1.0291766014385029,1.5292542649370988,0.5446961056847963,0.1817353600285163,0.19408935504326094,0.5939779279300058,0.395263671875,0.17822265625,1.6852325130772428,1.360264813951202,0.9332353414469541,2.8159708734450914,2.8400086231326545,1.8503203640737038,237,0.3,0.14009922888202278,0.25932776907506666,evaluation,0.31301191961279606
0.45790895980594676,3.061360170666011,1.7410584985171709,1.0997745323224914,1.5831049431926953,0.6412839661946794,0.18342936243221916,0.21980986730725643,0.5903541150985777,0.4140625,0.164306640625,1.7012477859586426,1.368299969616669,0.9340920664525408,2.882033641956222,2.894244029229199,1.8722448068529831,237,0.35,0.31569029832330187,0.366612947478421,evaluation,0.3787378845874336
0.45175248106044674,3.0951800455318264,1.8843794358619055,1.1781718497007514,1.599409658565961,0.7062075861611541,0.18528315600106673,0.24334138764806845,0.5872402899291476,0.42724609375,0.15625,1.717542710710886,1.374785468412636,0.9349845230014885,2.9525816262829117,2.949952963116115,1.8900350841585563,237,0.4,0.4562176427462326,0.47007128640784385,evaluation,0.4229994980164842
0.44552561160379717,3.1314966992707687,2.0044699879405643,1.2629460756924307,1.5871382211165121,0.7415239122481336,0.18728455973977984,0.2650496304311367,0.5836138104960816,0.44677734375,0.1484375,1.7337843026947817,1.379741237094766,0.9358864139286075,3.0261879634546593,3.0060080082708462,1.9036858813398005,237,0.45,0.5632729405420315,0.5632729405420315,evaluation,0.4467661116009033
0.4392248005624218,3.1688867856827683,2.102162126216071,1.3525951721880083,1.5541694732027878,0.7495669540280625,0.18941923993317245,0.2838612244743886,0.5782184308027722,0.462890625,0.143798828125,1.7467677804444925,1.3832781779231362,0.9367766040655734,3.101551359594209,3.0511976787989954,1.9134585175183576,237,0.5,0.6386646590590837,0.6386646590590837,evaluation,0.4460808011299544
0.4328492228483092,3.206050457934499,2.1785021197104877,1.4455646212466775,1.5070250666702907,0.7329374984638102,0.19167110583766764,0.29834931988263136,0.5745834413552802,0.47314453125,0.13818359375,1.7540656038072946,1.3855497412059485,0.9376388431427088,3.177514265068705,3.0767461424598648,1.9197480853558764,237,0.55,0.6844326892112091,0.6844326892112091,evaluation,0.45238027517340795
0.4264005192891067,3.2418238925616834,2.2347513715545495,1.5402850230569005,1.4508687276069128,0.694466348497649,0.19402274430600044,0.3081978374899631,0.5722354234435207,0.474609375,0.135498046875,1.758221038202982,1.386723421392567,0.9384612814663401,3.253072879868437,3.0913412191795873,1.9230018474387127,237,0.6,0.7028535266384438,0.7028535266384438,evaluation,0.4517533668126805
0.4198825139416835,3.275189383896407,2.2723694878716088,1.6352147609498917,1.3896458998153831,0.637154726921717,0.1964558961362706,0.31494582740739185,0.5711272895334303,0.4853515625,0.128173828125,1.760328043699835,1.3869715706432655,0.9392358648488468,3.327379633798005,3.098754821436104,1.9236901377726523,237,0.65,0.6964300527867817,0.6964300527867817,evaluation,0.4502602660321552
0.41330091450208806,3.305282004537915,2.292980333730351,1.7288826565415314,1.3262787529590032,0.5640976771888195,0.1989519709055007,0.31838217713502304,0.570564489951866,0.489990234375,0.129150390625,1.75849771973493,1.3864731844733929,0.939957677394361,3.3997392101695327,3.0923142303129647,1.9223078912637963,237,0.7,0.667862693252701,0.667862693252701,evaluation,0.41836306537798007
0.40666300341047706,3.3313921678183798,2.2983244903997906,1.819926313368664,1.262866783955454,0.4783981770311265,0.2014925874533826,0.32044267252219877,0.5691898993935031,0.49072265625,0.126953125,1.7545468566585143,1.3854161579639208,0.9406242842878892,3.4695994117947593,3.0784346722102884,1.919377930747517,237,0.75,0.6200023552118937,0.6200023552118937,evaluation,0.3976206819388528
0.3999773281703842,3.3529638460126736,2.2902038318820828,1.9071230785340976,1.2008683957841035,0.3830807533479852,0.20406011712316746,0.3203684629366527,0.5675016606448905,0.491943359375,0.124755859375,1.7505187922590275,1.3839926271191996,0.9412351129945434,3.5365383054890644,3.0643160420520195,1.9154355919203094,237,0.8,0.555788825632532,0.555788825632532,evaluation,0.36876661889129786
0.3932533994561842,3.3695886328266536,2.2704249534517844,1.9894120479946953,1.1412542493347957,0.2810129054570891,0.2066381993762026,0.318652309450407,0.5673159201008976,0.4912109375,0.127197265625,1.7451562333706847,1.3823857953613488,0.9417909000332411,3.600249134854947,3.045570278872571,1.9109904872168337,237,0.85,0.47818044064054327,0.47818044064054327,evaluation,0.3278716673261809
0.38650140481910283,3.3809962071920845,2.2407474912942185,2.0659069530879797,1.0846313711974775,0.1748405382062388,0.2092121966188101,0.3172203783455743,0.5673020031051268,0.488525390625,0.126953125,1.7391902725353479,1.380752281545829,0.9422932208122511,3.660524412643626,3.024782804081593,1.906476862994018,237,0.9,0.39008157908597735,0.39008157908597735,evaluation,0.3038122371195058
0.3797319444247222,3.3870419925178696,2.2028414230803444,2.1359007915483312,1.031340702619192,0.06694063153201313,0.21176955785783064,0.31380806950138057,0.5675330714655169,0.4833984375,0.12841796875,1.73620177546901,1.37920720585169,0.9427441111624553,3.7172403703131534,3.0143966051417577,1.902212516673231,237,0.95,0.29427409266732496,0.29427409266732496,evaluation,0.2726825357206478
0.3729557935524716,3.3876928945640903,2.1582551874188782,2.1988635956487816,0.9815320930728667,-0.040608408229903414,0.21430006862330814,0.3100155893389199,0.5660134137570569,0.47900390625,0.1279296875,1.737783526617767,1.3778185895064148,0.9431457811029694,3.770342596202625,3.019891585384099,1.8983840655894513,237,1.0,0.19335756809301394,0.20312797679357822,evaluation,0.23956731745764495
0.36618369483270935,3.3830119722819827,2.108394718453332,2.254434848490246,0.9352209578667956,-0.14604013003691385,0.21679597584602886,0.3053633395766297,0.5653771832488605,0.474365234375,0.127197265625,1.7414827695049964,1.3766135190732836,0.9435004145148713,3.819833323388518,3.0327622364828075,1.8950647808953351,237,1.05,0.08970174296832006,0.13283842468316534,evaluation,0.21023931362285028
0.35942618157555273,3.373142800338324,2.0545125314577124,2.3024119448457907,0.8923305562486205,-0.2478994133880783,0.2192519888039504,0.29909399813943416,0.5645315907203644,0.46240234375,0.124755859375,1.7444527064639905,1.3755931226727025,0.9438100434091719,3.8657605178820083,3.0431152450895573,1.892256439144442,237,1.1,-0.01458720670779213,0.08037487682876977,evaluation,0.19438914161005696
0.35269343214589643,3.3582941619098587,1.9977055830423258,2.34273590016021,0.8527233406487308,-0.34503031711788434,0.2216651685603292,0.2922058588662758,0.565179953485939,0.45361328125,0.13037109375,1.748038977287493,1.3747496408381608,0.9440764826920051,3.9082087086240667,3.0556402661163196,1.889936574984657,237,1.15,-0.11768621906947571,0.04307667159138775,evaluation,0.14861454822505513
0.3459951541870955,3.3387255846912454,1.9389203643479906,2.3754753139356626,0.8162241691055958,-0.43655494958767194,0.22403472671454092,0.2848779350377334,0.5669728221350926,0.451171875,0.133544921875,1.7510897406931496,1.3740785890206615,0.944301310616638,3.9472913849417375,3.066315279960818,1.888091968805017,237,1.2,-0.21806160872631872,0.018595310756277857,evaluation,0.10765602575828973
0.3393404966001035,3.314734102267434,1.878963339032888,2.4008093973775972,0.7826374476396496,-0.5218460583447093,0.22636175883482895,0.2770284511076684,0.5693516133327076,0.449462890625,0.136474609375,1.7522010535491694,1.3735819753531515,0.9444858809523965,3.98314472919209,3.0702085320588357,1.8867274430150713,237,1.25,-0.31446376814729027,0.004851021411039713,evaluation,0.06899694306245394
0.3327379865593345,3.286642483900047,1.8185144811608267,2.4190106673326772,0.7517595956556952,-0.6004961861718505,0.22864893862915875,0.2705306780372728,0.5717073826967198,0.447021484375,0.13916015625,1.7522222607684972,1.3732629095885545,0.9446313546528768,4.015922418316498,3.07028285113268,1.8858510188516278,237,1.3,-0.40591260026621206,0.0,evaluation,0.03827198516733607
0.3261954885035756,3.2547890343747445,1.7581415568145249,2.4304276998705427,0.7233877218022872,-0.6722861430560179,0.23090019646945303,0.2650056940780732,0.5732290881845086,0.4384765625,0.143798828125,1.7545418991867592,1.3731155464753688,0.9447387409431725,4.045791204666729,3.0784172760018964,1.8854463039723568,237,1.35,-0.49167624694570816,0.0,evaluation,0.010217866040929863
0.31972018196841434,3.219518939186905,1.698313140508592,2.435468167967567,0.6973251232948195,-0.7371550274589751,0.23312040146021226,0.2599834825868813,0.5750151694400285,0.439208984375,0.144775390625,1.7563207189668402,1.37311576893443,0.9448089399689231,4.072926982118404,3.0846624678722154,1.8854469148963966,237,1.4,-0.5712456664609282,0.0,evaluation,-0.014091444215176413
0.31331855527451347,3.181177039790359,1.6394091641734694,2.4345823055326448,0.6733841614012696,-0.7951731413591754,0.23531506104035746,0.25468010817890463,0.5776396170954956,0.435302734375,0.1455078125,1.7545353278924964,1.3732171259795092,0.9448427813512008,4.097511075438456,3.078394216822848,1.8857252750834288,237,1.45,-0.6443073397129593,0.0,evaluation,-0.026043383164719353
0.30699641236690756,3.140101881896303,1.5817288334156387,2.4282469657572174,0.6513871347193868,-0.8465181323415787,0.2374900471292911,0.24908834733117752,0.5797498021907928,0.430419921875,0.1484375,1.7517208164721312,1.373354030038556,0.9448410551371657,4.119726569162624,3.068525818861807,1.886101291823149,237,1.5,-0.7107159046859999,0.0,evaluation,-0.047202871863594925
0.3007588904159879,3.09662088494662,1.5254966717925198,2.416950553521001,0.6311658588009523,-0.8914538817284812,0.23965135373599822,0.24541055207266668,0.5805181009922515,0.428466796875,0.15234375,1.7456106245905791,1.3734512812998843,0.9448045336585793,4.139754609601404,3.047156452683529,1.8863684221042998,237,1.55,-0.7704679255676198,0.0,evaluation,-0.0752756116987571
0.2946104860616367,3.0510465166798957,1.4708679809622915,2.401179250217762,0.6125606744389862,-0.9303112692554705,0.24180488804045,0.24194490638522967,0.5811592064142396,0.42626953125,0.155029296875,1.738839336314493,1.3734367902029339,0.9447339845652669,4.157770745591493,3.0235622375146445,1.8863286166829436,237,1.6,-0.8236774149832088,0.0,evaluation,-0.0970057906094858
0.2885550883697388,3.003673399911655,1.4179350157705481,2.3814050429390767,0.5954195066373776,-0.9634700271685286,0.24395629521494955,0.23773354022918647,0.5816345747378655,0.4248046875,0.152587890625,1.7304312545262075,1.3732536454844573,0.9446301766073497,4.173941487256905,2.994392326641162,1.8858255748363577,237,1.65,-0.8705532573951493,0.0,evaluation,-0.1020074720029234
0.28259601668228174,2.954776308435518,1.366734745760041,2.3580760625881165,0.5795973961331745,-0.9913413168280756,0.246110816444634,0.2337014697549729,0.582757035734088,0.42724609375,0.1533203125,1.722819693897732,1.372868473412356,0.9444938804568033,4.18842132777395,2.9681076976818943,1.8847678452895789,237,1.7,-0.9113784034671235,0.0,evaluation,-0.12104108873903333
0.2767360616186153,2.904609013993222,1.317258418174529,2.3316096075183412,0.5649566779648668,-1.0143511893438122,0.248273179379916,0.2308533758150202,0.5830684621977325,0.4228515625,0.157470703125,1.71287073145155,1.3722747522526888,0.9443258669524008,4.201350474736898,2.9339261426633874,1.8831379956701846,237,1.75,-0.9464906351481582,0.0,evaluation,-0.14074507577436648
0.27097752757720994,2.853403926933495,1.2694624952725346,2.3023880018042497,0.5513677513424017,-1.032925506531715,0.25044752024049727,0.2289814689167935,0.5836928876529571,0.421630859375,0.15576171875,1.7040701353772079,1.371491472407711,0.9441269047221227,4.21285347682549,2.9038550262845146,1.8809888588870771,237,1.8,-0.9762647964162088,0.0,evaluation,-0.13736420332858548
0.26532227523476803,2.801372439031721,1.2232800982845817,2.270757161928366,0.5387102235299134,-1.0474770636437842,0.25263733668642485,0.22648153010968228,0.5842173690173232,0.423583984375,0.155517578125,1.698159596602236,1.3705585306466985,0.9438977583895917,4.223038825878755,2.8837460155322883,1.8784306859284428,237,1.85,-1.001096562284972,0.0,evaluation,-0.1474168888747606
0.25977176275910135,2.748705841473531,1.178631936915444,2.237027485912384,0.5268741418412803,-1.0583955489969399,0.2548454701913315,0.22391084846821777,0.5847329528049423,0.418701171875,0.158203125,1.6942882938590862,1.36953031044119,0.943639187755523,4.231999491821839,2.8706128227079533,1.8756132712171478,237,1.9,-1.0213879868674212,0.0,evaluation,-0.15854708314481217
0.25432708473373283,2.6955766662751035,1.1354358191686411,2.201476490092687,0.5157610468603445,-1.0660406709240458,0.25707411595138147,0.22164553730721354,0.5845300669627765,0.4150390625,0.158935546875,1.6909869740043477,1.3684683747396311,0.9433519476833804,4.239814237307924,2.8594369462524005,1.8727056926625334,237,1.95,-1.0375351587294774,0.0,evaluation,-0.16601320846286619
0.24898900810618593,2.642140292388804,1.093614132712041,2.1643525337590552,0.5052846593399681,-1.0707384010470142,0.2593248574221979,0.2186348924134221,0.5854868400512627,0.41796875,0.161376953125,1.6876841087206893,1.367433679823329,0.9430367880498548,4.24654948338176,2.848277650828368,1.8698748687151776,237,2.0,-1.049918266699114,0.0,evaluation,-0.18714677327280263
0.5000000000000001,2.6796435711216735,-0.03900744247844003,0.7139624640268423,-0.054635144624316685,-0.7529699065052823,0.3350439051076968,0.01338146711488057,0.6130641467403353,0.28515625,0.26611328125,1.5608634861782684,1.265863845390462,0.8586998454262317,2.533761311961434,2.4362948224845935,1.6024112750667328,238,0.0,-0.7529699065052823,0.0,evaluation,-0.3325866543302084
0.4946742461249699,2.647592932119294,0.1752801331548106,0.7081887393755638,0.24750482944611854,-0.5329086062207532,0.33798275309009596,0.045614446934366934,0.6125031119777202,0.30078125,0.251220703125,1.5500178091528691,1.2618251846288828,0.8573221680981213,2.5365951727332448,2.402555208691077,1.5922027965637198,238,0.05,-0.6319727221160581,0.0,evaluation,-0.1947584803509154
0.48940198205657304,2.6259640478196298,0.3767956448477806,0.7128525964650172,0.5285744159680165,-0.3360569516172366,0.34069326889885787,0.07384381041917285,0.6114416517448706,0.3193359375,0.237548828125,1.5414873054623894,1.259815704125742,0.8566120294295784,2.5499778233535353,2.376183112901714,1.5871356083618446,238,0.1,-0.5130857268790784,0.0,evaluation,-0.08202969537883101
0.4841635127468179,2.6136097793515285,0.5651616084309012,0.7270570842608265,0.7773276963602951,-0.16189547582992525,0.3431902350882976,0.09987720707508516,0.6112731544125303,0.33935546875,0.22705078125,1.538446559550724,1.259688238323827,0.8565262328868424,2.573098711311709,2.3668178165934757,1.5868144577713919,238,0.15,-0.39748133117669426,0.0,evaluation,0.008074649986494847
0.47894141393096706,2.6094061576130727,0.7400166911989288,0.7500198259809264,0.9866628395203888,-0.010003134781997658,0.3454888819516935,0.12387803855649486,0.6100702704861802,0.353515625,0.212890625,1.5403500604802598,1.2612152591730343,0.8570072890475524,2.6050437592927227,2.372678308821557,1.59066392997091,238,0.2,-0.2863666397176269,0.0,evaluation,0.10535344687213075
0.47372048927964483,2.612249569223752,0.901042918841575,0.7810162114524264,1.1536801741489326,0.12002670738914856,0.34760447786764825,0.14678197779817648,0.6066698059148802,0.3671875,0.199462890625,1.546130926155345,1.2641227015445546,0.8579875015431357,2.644814239654383,2.3905208408140015,1.5980062045603085,238,0.25,-0.1809487722071934,0.031134760515502232,evaluation,0.18306009561016476
0.46848772905519254,2.6210580027817794,1.0479969875460102,0.8193342841679155,1.2790835289045859,0.2286627033780947,0.3495519919148748,0.1691279189391331,0.6035349201220894,0.3828125,0.186279296875,1.5575651932564045,1.2681138126187046,0.859393210227872,2.691351222623752,2.4260093312438764,1.6081126417543519,238,0.3,-0.08239599214618108,0.07866010848341565,evaluation,0.24963464969539326
0.4632322626979103,2.6347757291808036,1.180737706445368,0.864242409167203,1.3662112549916923,0.31649529727816494,0.3513458336864422,0.19055543510120587,0.5995181041167662,0.395263671875,0.17724609375,1.56963964927565,1.2728853495154777,0.8611487978900747,2.7435640467565934,2.4637686285782014,1.620237113011145,238,0.35,0.053363583744379724,0.14055041853017589,evaluation,0.29783687759574107
0.4579452993994957,2.6523804508915663,1.2992447464993226,0.914969460772017,1.4199870074385526,0.3842752857273056,0.3529996702533591,0.2113262800516408,0.594893911784864,0.407470703125,0.168212890625,1.5801012153273963,1.278143407713302,0.8631801500494446,2.8003601890445147,2.4967198506791317,1.6336505706809774,238,0.4,0.16776548980092104,0.2075298267674038,evaluation,0.34321829146377814
0.4526200528134386,2.6728918283892984,1.4036267723002067,0.9706962156194766,1.4460000458582642,0.4329305566807301,0.3545263163020827,0.23067686855338942,0.5916153037665726,0.421630859375,0.16064453125,1.5864298491898092,1.2836239613554528,0.865417374706824,2.8606736650996725,2.5167596664004175,1.6476904741658707,238,0.45,0.2614568560610005,0.27407441707480534,evaluation,0.384906949996087
0.44725164820950103,2.6953803475826152,1.494119684337222,1.030555974232738,1.449819050779472,0.46356371010448405,0.35593769053209745,0.24745156275219235,0.5885665329139573,0.431884765625,0.156982421875,1.5919618805930746,1.2891156970606705,0.8677967118389407,2.9234895479836904,2.534342629261456,1.661819280408224,238,0.5,0.33520197334791874,0.3359268756963793,evaluation,0.4094302837115976
0.4418370122724957,2.7189756916061674,1.5710778669155725,1.093642244037455,1.436555578829457,0.4774356228781176,0.3572448290800425,0.26036085688783883,0.5856926405890874,0.44189453125,0.14990234375,1.5993365329587297,1.2944766540269417,0.8702616681215113,2.987863118552722,2.557877345656466,1.675669807820792,238,0.55,0.3899049767091739,0.3899049767091739,evaluation,0.4320978955097815
0.4363747471430486,2.742874063113806,1.6349624543699577,1.1590215361555736,1.4106402714422894,0.4759409182143841,0.3584579447790805,0.2708455950279046,0.5840037982587366,0.44970703125,0.146484375,1.6080680883317393,1.299636766996257,0.8727634870674732,3.052933232308462,2.5858829767109115,1.6890557261284884,238,0.6,0.4266175302709158,0.4266175302709158,evaluation,0.4389122906888011
0.43086499111249094,2.766344188653737,1.686330267846749,1.2257497409071207,1.3757541295491313,0.46058052693962837,0.35958651954509857,0.28113586387107076,0.5809972165862217,0.455810546875,0.1416015625,1.6163582701840802,1.304584624425502,0.8752611040080752,3.1179303903289486,2.612614057592489,1.701941042287433,238,0.65,0.44653398288745416,0.44653398288745416,evaluation,0.4471584722918486
0.4253092686899329,2.788731949143228,1.7258254061123128,1.2928908954765117,1.334857730184756,0.43293451063580113,0.3606394164415638,0.28918592952542743,0.5771756227759695,0.45751953125,0.137451171875,1.6240650362171571,1.3093433938528347,0.8777207424447293,3.182180524604376,2.637587241863052,1.7143801230260651,238,0.7,0.4509773166454524,0.4509773166454524,evaluation,0.4484550395733632
0.41971033275145514,2.809463679744858,1.7541732726369499,1.3595372862069428,1.2902722789832608,0.3946359864300071,0.3616249983469017,0.2959172886415149,0.5741285211848791,0.464111328125,0.13427734375,1.6307858644370514,1.3139441051142426,0.8801152918356309,3.2451056125311757,2.659462535647718,1.7264491113644733,238,0.75,0.4413790808738493,0.4413790808738493,evaluation,0.4381976420755781
0.41407200138458145,2.828048177855065,1.7721750538424637,1.4248297506364502,1.2437802151806976,0.3473453032060134,0.36255124172647163,0.2991251740491156,0.572508116093372,0.465087890625,0.130126953125,1.6371823285637366,1.318404250140304,0.882423577514977,3.3062220360611527,2.680365976961395,1.7381897667880224,238,0.8,0.4192557571462779,0.4192557571462779,evaluation,0.4357223900671786
0.40839899202055074,2.8440773968073936,1.780699984259098,1.4879769013460038,1.196725555785376,0.29272308291309423,0.3634258365681191,0.29802993186699733,0.5726975710576748,0.468994140625,0.132080078125,1.6423387570107997,1.3227174307557874,0.8846296009052593,3.3651372820775958,2.6972765927797955,1.7495814016251967,238,0.85,0.38618306347110215,0.38618306347110215,evaluation,0.40014012059164605
0.40269675555652007,2.8572257433379926,1.7806732290403193,1.5482719494213064,1.1501036556955495,0.2324012796190129,0.36425626660938637,0.29567612781875696,0.5726741645910839,0.46826171875,0.130126953125,1.6465569785432181,1.3268561011380644,0.8867217992741289,3.4215453020463658,2.7111498835893886,1.760547113127311,238,0.9,0.3437689282485168,0.3437689282485168,evaluation,0.3828471804896557
0.3969713133596636,2.8672478813780047,1.7730584862136547,1.6051059553108178,1.1046364137813656,0.1679525309028369,0.3650498670292273,0.29283609376140385,0.5732331932954099,0.4697265625,0.13623046875,1.6502214932567427,1.3307844623990035,0.8886923522998815,3.475220692113537,2.723230976806531,1.770987285362611,238,0.95,0.29362544457713446,0.29362544457713446,evaluation,0.3327184537785709
0.3912291002075118,2.8739749877569167,1.758835878110248,1.6579766721534401,1.0608327050982016,0.10085920595680786,0.36581385935427435,0.289018402773595,0.5739968376135466,0.4619140625,0.136962890625,1.6522286858227626,1.3344740367291354,0.890536548056424,3.526011819808667,2.729859630255631,1.7808209547041594,238,1.0,0.23734008931328424,0.23734008931328424,evaluation,0.3172303667711661
0.3854768162438378,2.877309496332983,1.738976886717794,1.7064925895857384,1.0190357094606202,0.032484297132055584,0.36655536518839765,0.286537785012762,0.5744363266211809,0.45751953125,0.138427734375,1.6517926949952888,1.337913542157271,0.892252212440178,3.5738330631938737,2.7284191072398163,1.7900126462878212,238,1.05,0.17644676815788432,0.17644676815788432,evaluation,0.298647664282195
0.3797212908436408,2.8772184821515596,1.7144187573112326,1.7503722344587898,0.9794595249857388,-0.035953477147557145,0.36728140147468974,0.2844699981814373,0.5744169454048766,0.45361328125,0.1376953125,1.6522553110461136,1.341108868303291,0.893839201722804,3.6186563889326813,2.729947612880107,1.7985729966417396,238,1.1,0.11239766620230128,0.12104809554070993,evaluation,0.2870437754288774
0.3739693608615977,2.8737259512155804,1.686040929449219,1.7894391662199423,0.9422175177996442,-0.10339823677072335,0.367998860465298,0.2809374868843616,0.5761651291048889,0.449462890625,0.13916015625,1.653426386054323,1.344075482606242,0.8952989561747388,3.6605025430051743,2.733818814100676,1.8065389029432077,238,1.15,0.04653726666287128,0.07849732034485159,evaluation,0.27065130194331377
0.3682277651094631,2.8669043938380994,1.6546457419494582,1.8236133885148578,0.9073445897965216,-0.16896764656539953,0.3687144776102477,0.27601892754546486,0.5784754432732468,0.450927734375,0.141845703125,1.6557736142991062,1.3468293183100786,0.896634112329585,3.699432151113408,2.741586261809142,1.8139492126595969,238,1.2,-0.01991989730481142,0.04690050413214295,evaluation,0.23855635858859578
0.36250305612809103,2.8568660156893966,1.6209450075108096,1.852900082969469,0.8748151195034074,-0.23195507545865945,0.36943479037703814,0.2715871758258568,0.5797543891577189,0.44921875,0.14404296875,1.659299650443452,1.3493804946988486,0.8978481715910182,3.735537027915103,2.753275329961781,1.8208277194737155,238,1.25,-0.08590626026847925,0.024610195162956264,evaluation,0.21024804888461132
0.3568015294718766,2.843754071241073,1.5855531762649595,1.877376660563591,0.8445578394422855,-0.2918234842986316,0.37016609070725476,0.2683823985738389,0.58069965732075,0.4423828125,0.145751953125,1.6627776229868567,1.3517297769842405,0.8989452229408359,3.768931978123692,2.7648294235058404,1.8271733899858706,238,1.3,-0.15051186838466082,0.010184267267437618,evaluation,0.19526970261767804
0.35112916990308246,2.8277346862583546,1.548986850914088,1.897179119769348,0.8164684266092956,-0.3481922688552599,0.37091437345703643,0.2649848768723263,0.580345520836477,0.442138671875,0.14599609375,1.6682541017379116,1.3538655749292883,0.8999297171421421,3.7997473359438696,2.7830717479653844,1.8329519949786182,238,1.35,-0.2129880918573362,0.002354056382554696,evaluation,0.16860986003402897
0.3454916131943788,2.808989474739885,1.511669570385479,1.9124885984493356,0.790420173804516,-0.4008190280638566,0.3716852827654342,0.26073023980677545,0.5805267806640783,0.434814453125,0.15087890625,1.6752228623646794,1.3557614894068932,0.9008062889563199,3.8281224285229687,2.8063716385893285,1.8380892161588032,238,1.4,-0.27274455082495497,0.0,evaluation,0.13471205209264378
0.3398941217329757,2.7877091464068466,1.4739402423963615,1.9235188228921007,0.7662728458150585,-0.4495785804957393,0.3724840578704711,0.2579035432756605,0.5794166628580142,0.4326171875,0.148681640625,1.6803931581648783,1.3573778734401558,0.9015796226876919,3.854200066994464,2.8237211660073522,1.8424746913049255,238,1.45,-0.3293400726605494,0.0,evaluation,0.12080689829896327
0.33434157184354296,2.764088185839637,1.4360635044210472,1.9305049294398904,0.7438797397102226,-0.49444142501884314,0.3733154795162977,0.25630967040654834,0.5776105241487548,0.427978515625,0.14892578125,1.6846778728796787,1.3586709616518935,0.9022543552171983,3.878122079526169,2.838139535370418,1.8459867820360867,238,1.5,-0.3824690046058679,0.0,evaluation,0.1033139369261716
0.32883845068749007,2.7383205867014944,1.3982406136838132,1.9336939138776472,0.7230930415868733,-0.535453300193834,0.37418381787586286,0.2545667259498533,0.577542516804624,0.425048828125,0.147216796875,1.689650291414422,1.3596085819484525,0.9028350100082072,3.9000258267192907,2.8549181072768612,1.8485354961078877,238,1.55,-0.4319444542427945,0.0,evaluation,0.09840589743433323
0.32338886070054385,2.7105965601553548,1.3606200480624362,1.9333367972783169,0.7037677294395208,-0.5727167492158807,0.3750927829537731,0.2521317321932486,0.576412806984865,0.427978515625,0.1435546875,1.6933169093964777,1.360185704139399,0.9033259556385673,3.92004160054282,2.8673221556480595,1.8501051497451988,238,1.6,-0.4776800043592788,0.0,evaluation,0.08581618541983768
0.31799652972618503,2.6811001092372306,1.3233075947300155,1.9296825039469578,0.6857644156607795,-0.6063749092169424,0.37604547876463107,0.24984304821157952,0.5757988580371565,0.4267578125,0.14013671875,1.695873696823309,1.3604310649388425,0.9037313832350427,3.93829081027328,2.875987595577177,1.8507726824506392,238,1.65,-0.5196712046876204,0.0,evaluation,0.08259842026495576
0.31266482522216277,2.650007361863509,1.2863760852301542,1.9229734125089848,0.668951570969338,-0.6365973272788306,0.37704436312295203,0.24717745680344405,0.5770089088220082,0.42578125,0.145263671875,1.6986661793705093,1.3604000706566337,0.9040552984837082,3.954884891063393,2.8854667889372236,1.8506883522425797,238,1.7,-0.557977786568183,0.0,evaluation,0.05334728112171114
0.3073967711198753,2.6174855681916345,1.249874989386948,1.9134425252919034,0.6532074900949923,-0.6635675359049553,0.3780912154473268,0.24464519197090828,0.578795774284786,0.4267578125,0.147705078125,1.699941539620843,1.3601568056935482,0.9043015252254547,3.9699249074127017,2.8898012381285034,1.8500265360744834,238,1.75,-0.5927071939136374,0.0,evaluation,0.0355632742477314
0.3021950660942573,2.5836926772156064,1.2138398399868189,1.9013121615017727,0.638422172100374,-0.6874723215149539,0.3791871153413267,0.2413451111284966,0.5802838298816629,0.421630859375,0.149658203125,1.6997245605502183,1.3597541932454602,0.9044737185982139,3.98350183724305,2.889063581737654,1.8489314660486182,238,1.8,-0.6239997624778039,0.0,evaluation,0.026358115255168707
0.29706210217359685,2.54877740341321,1.1783010799101152,1.886793993650251,0.6244990623647985,-0.7084929137401357,0.3803324346684141,0.23954391716243,0.5800874273465368,0.419921875,0.14794921875,1.7010719398923388,1.3592220723550077,0.9045753860124099,3.995697495282593,2.8936457446891066,1.847484641977048,238,1.85,-0.652015743765031,0.0,evaluation,0.023129703932512874
0.29199998281233164,2.512879677207569,1.1432916031721068,1.870090123175391,0.6113564202086748,-0.7267985200032843,0.3815268452978093,0.23825515164784522,0.5797076377533446,0.416259765625,0.152099609375,1.7027574768446117,1.3585679147012764,0.9046099139558895,4.006585988475401,2.8993830249502497,1.845706778855781,238,1.9,-0.6769243382909103,0.0,evaluation,0.0014503842863994032
0.2870105397840613,2.4761313513527092,1.1088521620815603,1.8513947669252389,0.5989279984425585,-0.7425426048436785,0.3827693437168244,0.23634053251870984,0.5801235594840422,0.416015625,0.1513671875,1.7038955463511283,1.3577876352791187,0.9045805979655368,4.0162355112192305,2.903260032875232,1.8435872625168677,238,1.95,-0.6988949153563523,0.0,evaluation,-0.004562479413268067
0.2820953485241874,2.4386570210487815,1.0750339976143184,1.8308960492152784,0.5871627709694811,-0.75586205160096,0.38405829246506573,0.23388941073160865,0.5800088464857637,0.415771484375,0.153564453125,1.7062159174118372,1.3568790599029303,0.9044906724487914,4.024710215295495,2.911172756829539,1.841120783203067,238,2.0,-0.7180905845103712,0.0,evaluation,-0.026193112565285143
0.5000000000000001,2.941712708422877,0.058772422049407205,0.8139811080892599,0.07220366844553634,-0.7552086860398527,0.24185921843614971,0.010521276162962561,0.6098730878671361,0.282958984375,0.27197265625,1.6771172510496408,1.2980301824250127,0.8981994208946278,2.5929877135128905,2.8127222737683204,1.684882354486317,239,0.0,-0.7552086860398527,0.0,evaluation,-0.41937550439959737
0.4941492232233865,2.910904354040613,0.32850239659860536,0.8107394473760843,0.40518861844182635,-0.4822370507774789,0.2445372411066194,0.045956765414267034,0.6084941055898999,0.302734375,0.2490234375,1.7017560054726448,1.2981560112477188,0.8969036641757813,2.599207130241557,2.8959735021622297,1.6852090295385926,239,0.05,-0.605119600670618,0.0,evaluation,-0.262945211540874
0.4883469350841219,2.8929716322600054,0.580898398344206,0.8210856805933452,0.707475982195218,-0.2401872822491392,0.2472499438550726,0.07966016868090589,0.6073138467459234,0.32470703125,0.2265625,1.7235897624899723,1.3014891199382064,0.8960130266348348,2.6177281294075523,2.970761669360256,1.6938739293175322,239,0.1,-0.4585045462284044,0.0,evaluation,-0.10983719965395058
0.48256892138499313,2.8863765456888224,0.8150896374187506,0.8438392741715494,0.9659299612701434,-0.028749636752798735,0.24998578999561816,0.11070608304613727,0.6056400721778133,0.3486328125,0.2119140625,1.7384041495056475,1.3077303693294258,0.8955110495220421,2.647465275336392,3.022048987018471,1.7101587188664817,239,0.15,-0.31703832824074546,0.0,evaluation,0.004120730875899564
0.4767940308876315,2.8895941174711464,1.0302868082976289,0.8779712658115039,1.1734857943731685,0.152315542486125,0.2527347873798799,0.13911170597858416,0.6032798923989869,0.36083984375,0.201171875,1.7483122082329225,1.3163309016218483,0.8953688514330246,2.6872073238013945,3.0565955774562954,1.7327270425645933,239,0.2,-0.1824446633166639,0.04367857253708923,evaluation,0.11072729281266977
0.4710041499370659,2.9011130107113487,1.2258525473953332,0.9225151213811009,1.3288156681487286,0.3033374260142323,0.2554883656994666,0.16800402736320655,0.6002545844580833,0.38037109375,0.1875,1.7499550289757877,1.326581039957424,0.8955479574743123,2.7356486581568222,3.062342603437668,1.7598172555745266,239,0.25,-0.056433466783539867,0.11103371702613679,evaluation,0.21418738754511932
0.4651841684727954,2.919443216011196,1.4013541493616124,0.976498194808238,1.4350811469106777,0.42485595455337444,0.25823908021728004,0.19552092674844068,0.5959070609031761,0.403076171875,0.175537109375,1.7514347239509849,1.3377152044968166,0.8960036416329428,2.7914274394582503,3.067523592261281,1.7894819683419654,239,0.3,0.05936507235390322,0.1865395458339942,evaluation,0.29117055781088175
0.4593219253402566,2.943128704253774,1.5565933565237762,1.0388943856225918,1.4983172284552642,0.5176989709011843,0.260980235525016,0.2207477585916251,0.5918242530619773,0.420654296875,0.162841796875,1.7549681149725491,1.3490114759695524,0.8966882881151461,2.853166512706673,3.07991308457032,1.8198319622975556,239,0.35,0.21797028784459535,0.2772843626272204,evaluation,0.36730968118185225
0.4534081251579523,2.970762878233207,1.691614557794622,1.1085965019420463,1.5259064545407108,0.5830180558525757,0.2637055097133094,0.24241784929144905,0.5887234576947238,0.43408203125,0.158203125,1.76220550063896,1.3598696307136027,0.8975543757175818,2.919512568300079,3.1053682264822258,1.8492454125371556,239,0.4,0.3473452831977466,0.367295747964861,evaluation,0.4061172029684924
0.44743622308050834,3.0010049510961543,1.806697283630791,1.1844058805770425,1.5254038444579219,0.6222914030537485,0.2664086383691881,0.26021871408538366,0.5861556897752012,0.447998046875,0.150634765625,1.7703492218655563,1.369856089891039,0.8985568414196341,2.9891700233104936,3.1341363673599982,1.876505707011572,239,0.45,0.4483566146258854,0.450440029440709,evaluation,0.44067544832451233
0.44140227708207824,3.032595853754198,1.90234042824184,1.2650367069577844,1.5037827896841598,0.6373037212840555,0.26908319398788555,0.2747887852508448,0.583464346844413,0.458740234375,0.145751953125,1.777482741234462,1.3787097690491938,0.8996547344578409,3.060927785856676,3.159444895386395,1.9008406272716871,239,0.5,0.5221247828874459,0.5221247828874459,evaluation,0.4550765194527365
0.43530476969756854,3.064372742652724,1.9792441781185854,1.3491326649165212,1.4670493344263167,0.6301115132020643,0.27172247358367696,0.28616917383969454,0.5800942241824035,0.466796875,0.137939453125,1.785058487477344,1.3863120956015136,0.9008121944111547,3.1336786636426917,3.1864338037149214,1.921861226411066,239,0.55,0.5700477530838998,0.5700477530838998,evaluation,0.4691463943837021
0.42914440265006637,3.095281519605189,2.0382924899965955,1.4352935787046608,1.4201223500464175,0.6029989112919347,0.27431948831536274,0.2965287961588716,0.5752902977007319,0.47509765625,0.135986328125,1.7949421090501954,1.3926359793904537,0.9019988615808703,3.2064321789064825,3.221817174841581,1.9394349710928143,239,0.6,0.5938001158111227,0.5938001158111227,evaluation,0.44957827538662354
0.4229238687619301,3.12438696105341,2.0805359755846986,1.5221094637007053,1.3668767097251275,0.5584265118839933,0.2768670356255803,0.3045457309239987,0.5703791885579347,0.47607421875,0.13232421875,1.804652947881623,1.3976961903551375,0.9031898581456911,3.278321906140847,3.256772262297849,1.9535546405332704,239,0.65,0.5953128954908135,0.5953128954908135,evaluation,0.43990092897554833
0.41664760625912123,3.1508801386460945,2.107173462913003,1.6081990444289513,1.3102690678822224,0.49897441848405166,0.27935782755722877,0.3095449276693122,0.5674358782955844,0.47900390625,0.1259765625,1.8141874172311043,1.401521068772227,0.9043654766850269,3.348608390045,3.2912759848396833,1.9642613062124514,239,0.7,0.576738738676962,0.576738738676962,evaluation,0.43726081495545577
0.4103215411574843,3.1740828731730852,2.119530428422616,1.6922495751374265,1.2524928116767235,0.4272808532851897,0.28178464831525923,0.31138185784259254,0.5648633973062898,0.479248046875,0.123291015625,1.8253237383135525,1.404152191244006,0.9055106927886897,3.4166785026733146,3.331806749650981,1.9716433761753493,239,0.75,0.5404065163478307,0.5404065163478307,evaluation,0.4178548772946047
0.40395282385804604,3.19344904846876,2.1190332124424547,1.7730548443014034,1.1951312274705013,0.3459783681410513,0.2841405184949404,0.310411956977776,0.5631350122952608,0.476318359375,0.124267578125,1.832664663202888,1.4056621049228453,0.9066145916364851,3.4820419161687814,3.358659767752573,1.9758859532161295,239,0.8,0.48876863715704366,0.48876863715704366,evaluation,0.3840252048204158
0.3975495663149769,3.2085627263142067,2.1071786609901233,1.8495485356885173,1.1392935196511078,0.257630125301606,0.286418850613337,0.3081270413907614,0.5633043959587468,0.47412109375,0.126953125,1.8361864868953168,1.4061711224933855,0.907669771430721,3.544325224093178,3.3715808146569834,1.977317225734314,239,0.85,0.42434377270216433,0.42434377270216433,evaluation,0.3466958316617128
0.391120586132119,3.2191331289984886,2.085499309703181,1.9208305569833786,1.0857278910527177,0.1646687527198023,0.28861358830319594,0.30489458596437935,0.5649066754557541,0.470458984375,0.12744140625,1.8370149440459533,1.405847569110555,0.9086717629337783,3.6032641076813365,3.3746239046481747,1.9764073875740629,239,0.9,0.34965731354892093,0.34965731354892093,evaluation,0.3239360269242023
0.3846751636859761,3.224986679506494,2.055524696792599,1.986184475661852,1.034911269310793,0.06934022113074678,0.29071932775527765,0.30163912590262254,0.5669454328800402,0.466064453125,0.131103515625,1.8370418827934631,1.404887911799554,0.9096184858070641,3.6586938038770214,3.374722879137371,1.973710044720517,239,0.95,0.26718173585132593,0.26718173585132593,evaluation,0.29317208498910874
0.37822281786804013,3.2260564147589355,2.0187402109603365,2.0450848483626696,0.9871180712020702,-0.02634463740233306,0.29273142356528553,0.29858136577388505,0.568013645585035,0.466552734375,0.135498046875,1.8382518430769215,1.4034851834977187,0.9105097497078808,3.710538028039336,3.379169838575717,1.9697706602976301,239,1.0,0.17927914874960743,0.18561768516875776,evaluation,0.25023466793037974
0.37177310527071833,3.2223692270521918,1.9765460542283,2.09719405332948,0.9424717045570291,-0.12064799910117996,0.29464608190340547,0.296068985804904,0.5675613082932884,0.463623046875,0.136474609375,1.8399743334925385,1.4017993530933264,0.9113468011371372,3.7587964920836376,3.38550554791133,1.9650414263328744,239,1.05,0.08814852402337521,0.1223660635998623,evaluation,0.22252037937732724
0.36533544657760975,3.2140315421410204,1.9302200010904882,2.142349233010099,0.9009828889468411,-0.21212923191961086,0.29646044255634324,0.29356184946937913,0.566371779015626,0.46240234375,0.134521484375,1.8397562553484748,1.3999406261284102,0.9121319149470879,3.8035312658863543,3.3847030790938604,1.9598337566848103,239,1.1,-0.004219684902791531,0.07483369439191795,evaluation,0.20055875996042263
0.3589189825541477,3.201214184444119,1.8808880734104505,2.1805410075964664,0.8625786292749831,-0.2996529341860159,0.2981726489988295,0.2896151678913362,0.5669118317119652,0.458984375,0.13037109375,1.8379015856946717,1.397969379932581,0.9128680305650023,3.844852428278844,3.377882238699007,1.95431838722909,239,1.15,-0.09607884718621075,0.040741271040505476,evaluation,0.19417265951752408
0.35253246043171915,3.1841372687042067,1.8295066514119356,2.2118865215903116,0.8271250055344381,-0.38237987017837605,0.2997819033338782,0.285239132125213,0.5673948445188081,0.458251953125,0.131591796875,1.8315891131660869,1.3959091427321735,0.9135584353784565,3.8829036702858524,3.354718679468552,1.9485623347632772,239,1.2,-0.18594909776373644,0.01807057924728989,evaluation,0.16028943542205656
0.34618414978508305,3.163055953987849,1.7768579641291915,2.2365999194909736,0.7944460467179063,-0.4597419553617821,0.301288501490275,0.2803588999346598,0.5680541378609986,0.45751953125,0.132080078125,1.8219151900115946,1.3937650034455145,0.9142064995935677,3.9178486615343524,3.319374959595004,1.9425808848294805,239,1.25,-0.27262647528619616,0.0050249137131402445,evaluation,0.12844945398255875
0.3398817854256105,3.138247783266549,1.7235587895577797,2.2549633822929254,0.7643400345619826,-0.5314045927351456,0.3026938438514253,0.2759505071294384,0.5700642519335856,0.452392578125,0.134033203125,1.8109651871710468,1.3915399610441697,0.9148154671087196,3.9498590084718486,3.279594909145483,1.936383463182815,239,1.3,-0.35517801187688647,0.0,evaluation,0.10683866834349802
0.3336325335814527,3.1100021234939916,1.6700801424305793,2.2673013951732277,0.7365937964780288,-0.5972212527426484,0.3040004175018237,0.27008450497139797,0.5724693956680328,0.444580078125,0.137939453125,1.8005838023805225,1.3892447576321432,0.9153883052447713,3.97910450179147,3.242102029395119,1.9300009966083977,239,1.35,-0.4329239083919819,0.0,evaluation,0.08070230635280717
0.3274429768660868,3.0786119557756813,1.6167742448451026,2.2739600848432797,0.7109949975030146,-0.6571858399981771,0.30521174824656744,0.26301090590521636,0.5748447016656609,0.43798828125,0.14453125,1.7880760367663633,1.3869005093425644,0.915927612930286,4.005746096678513,3.197215913258124,1.9234930228146703,239,1.4,-0.5054092333052306,0.0,evaluation,0.03928580242728161
0.321319113313139,3.0443679930899927,1.5639044368505473,2.2752924636118528,0.6873421601229973,-0.7113880267613055,0.30633232308190594,0.25556141598948423,0.5771294430062995,0.433349609375,0.145263671875,1.7758888336422314,1.3845361272354118,0.9164355829591114,4.0299317501782985,3.1537811494551837,1.9169402876200379,239,1.45,-0.5723685700831597,0.0,evaluation,0.017686817538374172
0.31526636504309374,3.0075548708128856,1.5116739068018146,2.271649457822817,0.6654521020380607,-0.7599755510210024,0.30736748642758593,0.24790395735161036,0.579008364869466,0.4267578125,0.148681640625,1.76438988252946,1.382183397069319,0.9169140101248012,4.051794922452747,3.1130716575723407,1.9104309431340882,239,1.5,-0.6336875248552561,0.0,evaluation,-0.012041806553775208
0.3092895928110426,2.968448995533977,1.4602500201534951,2.2633758487562026,0.645164620341756,-0.8031258286027074,0.3083233157540946,0.23986379397667879,0.5811587719889013,0.424072265625,0.15185546875,1.755522622125215,1.379872029078271,0.9173643341607888,4.071455291800509,3.0818596767934094,1.9040468166325903,239,1.55,-0.6893649192196883,0.0,evaluation,-0.04551196546422212
0.30339311360228005,2.927317563855598,1.409782305248191,2.250809806994701,0.6263444831576167,-0.8410275017465101,0.309206483897212,0.23367107108667556,0.5818873360274999,0.42138671875,0.156005859375,1.7502165734891812,1.3776258615655737,0.9177877049597587,4.089021074653251,3.0632580541162295,1.8978530144542956,239,1.6,-0.7394788810674185,0.0,evaluation,-0.0821188893303588
0.29758071942429454,2.8844182703421306,1.3604134990111456,2.234284568262799,0.6088810343746385,-0.8738710692516536,0.31002411610511904,0.2293943058153358,0.5808072126956499,0.415771484375,0.157470703125,1.7481235026873834,1.375460463989181,0.9181850576529276,4.1045922924050515,3.055935780648025,1.891891487997339,239,1.65,-0.7841590623406679,0.0,evaluation,-0.10495586610862648
0.29185569634355857,2.8399992941976797,1.3122841983380962,2.2141309251189343,0.5926859082498048,-0.9018467267808381,0.310783649612236,0.22508838781899349,0.5790739757133408,0.413330078125,0.16015625,1.745691688801995,1.3733819906462803,0.9185571866279006,4.118264373480848,3.047439472352381,1.8861780922315454,239,1.7,-0.8235660680700121,0.0,evaluation,-0.13982863209030924
0.28622084353249766,2.794299262112756,1.2655324362656133,2.19067950105854,0.5776894500788938,-0.9251470647929265,0.3114927023488058,0.22175619815132186,0.5786796135493669,0.406982421875,0.1591796875,1.7413084257442293,1.3713872416257735,0.9189048100510295,4.130131591295817,3.032155033567866,1.8807029664939539,239,1.75,-0.857878089566981,0.0,evaluation,-0.1440730486622437
0.28067849257766153,2.7475470040358974,1.220289853283223,2.164262130160239,0.5638364393470556,-0.943972276877016,0.31215895550525685,0.21888025456453497,0.578794309713524,0.407958984375,0.15966796875,1.7382678994794223,1.3694651995708391,0.919228619425618,4.1402899803013575,3.021575290360624,1.8754349328356041,239,1.8,-0.8872838638629937,0.0,evaluation,-0.16108589098282636
0.2752305275538983,2.69996102817387,1.1766761140942656,2.1352120030516724,0.551081631431701,-0.9585358889574067,0.3127900524217092,0.21776526877459862,0.5796873704521524,0.40869140625,0.16162109375,1.7370779750096612,1.3676004592238817,0.9195293116631434,4.148839510889275,3.017439891263686,1.8703310160693782,239,1.85,-0.9119805247427645,0.0,evaluation,-0.17357063291183297
0.2698784064256663,2.651748727862621,1.1347929465982673,2.1038625083110345,0.5393855074252314,-0.9690695617127671,0.3133935140578147,0.21622945962040446,0.5802614179570711,0.406982421875,0.1630859375,1.7343594392580388,1.3657786820727356,0.9198076036831666,4.155885418564198,3.00800266454348,1.8653514084043443,239,1.9,-0.9321746830773705,0.0,evaluation,-0.18237158401915957
0.264623184248443,2.6031053908776256,1.094718791623586,2.070544881972969,0.5287104863819503,-0.9758260903493827,0.3139766694732706,0.21504893030386923,0.5811553024538056,0.408447265625,0.16259765625,1.7303915170408481,1.363993472344451,0.9200642314623421,4.161538666220652,2.994254802246949,1.8604781925982783,239,1.95,-0.9480851278219173,0.0,evaluation,-0.18515484463990287
0.2594655384668202,2.5542131127058187,1.0565046676118555,2.0355848873824316,0.5190177398941195,-0.9790802197705761,0.31454659856597283,0.21405710301169575,0.5817777263256869,0.4091796875,0.160400390625,1.7258922505111403,1.3622531668589941,0.9202999366606385,4.165915574745987,2.9787040603744304,1.8557336906173647,239,2.0,-0.9599457894621812,0.0,evaluation,-0.18007818969358783
